attacker,defender,seed,rule,finished,winner,reason,duration,hp,damage,healed
goku,goku,314159,competitive,True,player,K.O.,35.59166666669448,"[69.9, 0]","[239.99999999999997, 170.1]",0
goku,roshi,314256,competitive,True,enemy,K.O.,29.908333333357135,"[0, 64.69999999999996]","[165.30000000000004, 240.00000000000003]",0
goku,taopaipai,314353,competitive,True,enemy,K.O.,36.53333333336109,"[0, 3.2000000000000144]","[217.79999999999995, 240]",0
goku,piccolo,314450,competitive,True,player,K.O.,36.05833333336112,"[136.10000000000002, 0]","[259, 103.89999999999998]",0
goku,tien,314547,competitive,True,enemy,K.O.,33.19166666669308,"[0, 36.5]","[213.5, 240]",0
goku,krillin,314644,competitive,True,enemy,K.O.,46.02500000002722,"[0, 10.500000000000052]","[219.4999999999999, 239.99999999999994]",0
goku,yamcha,314741,competitive,True,player,K.O.,34.766666666694334,"[57.500000000000085, 0]","[239.99999999999997, 182.4999999999999]",0
goku,gyumao,314838,competitive,True,player,K.O.,45.1333333333606,"[148.80000000000004, 0]","[336, 91.19999999999996]",0
goku,chichi,314935,competitive,True,enemy,K.O.,30.63333333335771,"[0, 48]","[160, 239.99999999999994]",0
goku,bulma,315032,competitive,True,player,K.O.,49.833333333360336,"[101.7, 0]","[203.99999999999997, 138.29999999999998]",0
goku,chiaotzu,315129,competitive,True,player,K.O.,54.26666666669342,"[84.00000000000001, 0]","[211.00000000000003, 155.99999999999997]",0
goku,oolong,315226,competitive,True,player,K.O.,34.391666666694036,"[166.2000000000001, 0]","[232.00000000000003, 73.7999999999999]",0
goku,korin,315323,competitive,True,player,K.O.,53.00000000002682,"[71.80000000000011, 0]","[226, 168.19999999999987]",0
goku,pilaf,315420,competitive,True,player,K.O.,38.86666666669429,"[158.89999999999995, 0]","[300.00000000000006, 81.10000000000005]",0
roshi,goku,315936,competitive,True,player,K.O.,29.675000000023616,"[19.20000000000004, 0]","[239.99999999999997, 210.8]",0
roshi,roshi,316033,competitive,True,enemy,K.O.,26.64166666668787,"[0, 57.500000000000014]","[172.5, 229.99999999999994]",0
roshi,taopaipai,316130,competitive,True,player,K.O.,23.98333333335242,"[63.40000000000011, 0]","[220.99999999999997, 166.59999999999988]",0
roshi,piccolo,316227,competitive,True,enemy,K.O.,32.125000000025565,"[0, 77.60000000000002]","[181.39999999999998, 230.00000000000006]",0
roshi,tien,316324,competitive,True,player,K.O.,26.30000000002093,"[2.1000000000000307, 0]","[229.99999999999997, 227.89999999999995]",0
roshi,krillin,316421,competitive,True,player,K.O.,32.55833333335924,"[10.699999999999962, 0]","[229.99999999999997, 219.3]",0
roshi,yamcha,316518,competitive,True,player,K.O.,22.866666666684864,"[106.80000000000005, 0]","[239.99999999999997, 123.19999999999995]",0
roshi,gyumao,316615,competitive,True,player,K.O.,42.225000000027435,"[127.1000000000001, 0]","[335.9999999999999, 102.8999999999999]",0
roshi,chichi,316712,competitive,True,enemy,K.O.,31.633333333358507,"[0, 52.9]","[155.1, 230]",0
roshi,bulma,316809,competitive,True,player,K.O.,46.741666666693845,"[184.20000000000002, 0]","[204, 45.79999999999998]",0
roshi,chiaotzu,316906,competitive,True,player,K.O.,45.15000000002727,"[99.29999999999998, 0]","[211, 130.70000000000002]",0
roshi,oolong,317003,competitive,True,player,K.O.,47.69166666669379,"[107.50000000000011, 0]","[232, 122.49999999999989]",0
roshi,korin,317100,competitive,True,player,K.O.,37.125000000027725,"[101.20000000000002, 0]","[226.00000000000003, 128.79999999999998]",0
roshi,pilaf,317197,competitive,True,player,K.O.,33.89166666669364,"[111.99999999999996, 0]","[299.9999999999999, 118.00000000000004]",0
taopaipai,goku,317713,competitive,True,player,K.O.,29.133333333356518,"[52.40000000000002, 0]","[239.99999999999994, 168.59999999999997]",0
taopaipai,roshi,317810,competitive,True,player,K.O.,26.08333333335409,"[31.300000000000004, 0]","[229.99999999999991, 189.69999999999996]",0
taopaipai,taopaipai,317907,competitive,True,enemy,K.O.,26.45000000002105,"[0, 89.10000000000011]","[131.8999999999999, 220.9999999999999]",0
taopaipai,piccolo,318004,competitive,True,player,K.O.,30.60000000002435,"[53.69999999999996, 0]","[259, 167.30000000000007]",0
taopaipai,tien,318101,competitive,True,player,K.O.,26.691666666687908,"[58.29999999999996, 0]","[250, 162.70000000000002]",0
taopaipai,krillin,318198,competitive,True,player,K.O.,31.608333333358487,"[70.5, 0]","[229.99999999999994, 150.5]",0
taopaipai,yamcha,318295,competitive,True,player,K.O.,29.483333333356796,"[16.700000000000095, 0]","[239.99999999999997, 204.29999999999984]",0
taopaipai,gyumao,318392,competitive,True,player,K.O.,41.316666666694154,"[119.40000000000008, 0]","[336, 101.59999999999992]",0
taopaipai,chichi,318489,competitive,True,enemy,K.O.,26.933333333354767,"[0, 25.20000000000007]","[182.79999999999993, 220.99999999999994]",0
taopaipai,bulma,318586,competitive,True,player,K.O.,39.12500000002761,"[167.39999999999998, 0]","[203.99999999999994, 53.60000000000002]",0
taopaipai,chiaotzu,318683,competitive,True,player,K.O.,28.51666666668936,"[140.00000000000006, 0]","[211, 80.99999999999994]",0
taopaipai,oolong,318780,competitive,True,player,K.O.,28.75000000002288,"[88.00000000000011, 0]","[232.00000000000003, 132.9999999999999]",0
taopaipai,korin,318877,competitive,True,player,K.O.,32.77500000002608,"[79.50000000000004, 0]","[202, 141.49999999999994]",0
taopaipai,pilaf,318974,competitive,True,player,K.O.,40.683333333360856,"[24.000000000000032, 0]","[300, 196.99999999999997]",0
piccolo,goku,319490,competitive,True,enemy,K.O.,35.1916666666945,"[0, 93.49999999999996]","[146.50000000000006, 259]",0
piccolo,roshi,319587,competitive,True,enemy,K.O.,29.800000000023715,"[0, 74.09999999999995]","[155.90000000000003, 258.99999999999994]",0
piccolo,taopaipai,319684,competitive,True,enemy,K.O.,31.916666666692066,"[0, 8.399999999999954]","[212.60000000000005, 258.99999999999994]",0
piccolo,piccolo,319781,competitive,True,player,K.O.,33.85833333336028,"[56.89999999999995, 0]","[259, 202.10000000000002]",0
piccolo,tien,319878,competitive,True,enemy,K.O.,27.116666666688246,"[0, 164.49999999999994]","[85.50000000000006, 258.99999999999994]",0
piccolo,krillin,319975,competitive,True,enemy,K.O.,32.82500000002612,"[0, 158.29999999999995]","[71.70000000000005, 259]",0
piccolo,yamcha,320072,competitive,True,enemy,K.O.,37.150000000027724,"[0, 12.499999999999943]","[227.50000000000017, 258.99999999999994]",0
piccolo,gyumao,320169,competitive,True,player,K.O.,52.31666666669353,"[12.600000000000023, 0]","[336.0000000000001, 246.3999999999999]",0
piccolo,chichi,320266,competitive,True,enemy,K.O.,34.23333333336058,"[0, 90.79999999999994]","[117.20000000000006, 258.9999999999999]",0
piccolo,bulma,320363,competitive,True,player,K.O.,45.68333333336057,"[156.8, 0]","[204.00000000000003, 102.19999999999999]",0
piccolo,chiaotzu,320460,competitive,True,player,K.O.,69.40833333335922,"[43.19999999999998, 0]","[211.00000000000009, 215.8]",0
piccolo,oolong,320557,competitive,True,player,K.O.,57.550000000026564,"[22.30000000000014, 0]","[232.00000000000003, 236.69999999999985]",0
piccolo,korin,320654,competitive,True,player,K.O.,49.683333333360345,"[23.600000000000055, 0]","[202.0000000000001, 235.39999999999998]",0
piccolo,pilaf,320751,competitive,True,player,K.O.,40.25833333336088,"[90.89999999999996, 0]","[300.0000000000003, 168.10000000000005]",0
tien,goku,321267,competitive,True,enemy,K.O.,34.875000000027754,"[0, 39.599999999999994]","[200.4, 250.00000000000003]",0
tien,roshi,321364,competitive,True,player,K.O.,25.675000000020432,"[57.500000000000036, 0]","[230, 192.49999999999991]",0
tien,taopaipai,321461,competitive,True,player,K.O.,26.06666666668741,"[63.70000000000012, 0]","[221, 186.2999999999999]",0
tien,piccolo,321558,competitive,True,player,K.O.,31.608333333358487,"[53.9999999999999, 0]","[259, 176.00000000000017]",0
tien,tien,321655,competitive,True,player,K.O.,25.375000000020194,"[63.10000000000001, 0]","[230, 186.89999999999998]",0
tien,krillin,321752,competitive,True,enemy,K.O.,38.80000000002763,"[0, 49.59999999999997]","[180.40000000000003, 230]",0
tien,yamcha,321849,competitive,True,player,K.O.,32.85833333335948,"[13.800000000000134, 0]","[240, 236.19999999999985]",0
tien,gyumao,321946,competitive,True,player,K.O.,51.6750000000269,"[59.0000000000001, 0]","[335.99999999999994, 190.9999999999999]",0
tien,chichi,322043,competitive,True,player,K.O.,33.0500000000263,"[19.30000000000009, 0]","[208.00000000000003, 230.69999999999985]",0
tien,bulma,322140,competitive,True,player,K.O.,50.758333333360284,"[108.40000000000013, 0]","[204, 121.59999999999987]",0
tien,chiaotzu,322237,competitive,True,player,K.O.,37.675000000027694,"[126.00000000000006, 0]","[210.99999999999997, 123.99999999999994]",0
tien,oolong,322334,competitive,True,player,K.O.,32.000000000025466,"[144.3000000000001, 0]","[231.99999999999997, 85.6999999999999]",0
tien,korin,322431,competitive,True,player,K.O.,32.375000000025764,"[106.50000000000007, 0]","[201.99999999999997, 143.49999999999994]",0
tien,pilaf,322528,competitive,True,player,K.O.,45.82500000002723,"[1.7999999999999794, 0]","[299.99999999999994, 248.20000000000002]",0
krillin,goku,323044,competitive,True,enemy,K.O.,41.408333333360815,"[0, 32.899999999999956]","[207.10000000000002, 230.00000000000006]",0
krillin,roshi,323141,competitive,True,enemy,K.O.,30.166666666690674,"[0, 90.59999999999994]","[139.40000000000006, 230]",0
krillin,taopaipai,323238,competitive,True,player,K.O.,34.20833333336056,"[25.600000000000126, 0]","[220.99999999999997, 204.3999999999998]",0
krillin,piccolo,323335,competitive,True,player,K.O.,39.891666666694235,"[111.39999999999995, 0]","[259, 118.60000000000005]",0
krillin,tien,323432,competitive,True,enemy,K.O.,33.091666666693,"[0, 53.69999999999999]","[196.30000000000004, 229.99999999999997]",0
krillin,krillin,323529,competitive,True,player,K.O.,36.75000000002775,"[53.899999999999935, 0]","[230.00000000000003, 176.10000000000008]",0
krillin,yamcha,323626,competitive,True,enemy,K.O.,34.08333333336046,"[0, 37.399999999999984]","[202.60000000000008, 230]",0
krillin,gyumao,323723,competitive,True,player,K.O.,41.50833333336081,"[201.8, 0]","[335.99999999999994, 28.19999999999999]",0
krillin,chichi,323820,competitive,True,enemy,K.O.,27.958333333355583,"[0, 119.59999999999998]","[88.40000000000002, 229.99999999999986]",0
krillin,bulma,323917,competitive,True,player,K.O.,64.83333333335949,"[125.10000000000002, 0]","[203.99999999999991, 104.89999999999998]",0
krillin,chiaotzu,324014,competitive,True,player,K.O.,50.150000000026985,"[75.20000000000003, 0]","[210.99999999999997, 154.79999999999995]",0
krillin,oolong,324111,competitive,True,player,K.O.,37.766666666694356,"[35.90000000000014, 0]","[232, 194.09999999999982]",0
krillin,korin,324208,competitive,True,player,K.O.,40.241666666694215,"[39.40000000000006, 0]","[202, 190.5999999999999]",0
krillin,pilaf,324305,competitive,True,player,K.O.,42.833333333360734,"[102.39999999999998, 0]","[299.99999999999983, 127.60000000000002]",0
yamcha,goku,324821,competitive,True,enemy,K.O.,36.4333333333611,"[0, 44.600000000000094]","[195.39999999999986, 240.00000000000003]",0
yamcha,roshi,324918,competitive,True,player,K.O.,29.458333333356777,"[16.30000000000004, 0]","[229.99999999999994, 223.7]",0
yamcha,taopaipai,325015,competitive,True,enemy,K.O.,22.933333333351584,"[0, 122.40000000000008]","[98.59999999999992, 240]",0
yamcha,piccolo,325112,competitive,True,enemy,K.O.,38.491666666694314,"[0, 3.2000000000000766]","[255.7999999999998, 240.00000000000014]",0
yamcha,tien,325209,competitive,True,enemy,K.O.,21.983333333350828,"[0, 156.4000000000001]","[93.59999999999991, 239.99999999999994]",0
yamcha,krillin,325306,competitive,True,enemy,K.O.,32.81666666669278,"[0, 106.70000000000006]","[123.29999999999994, 240]",0
yamcha,yamcha,325403,competitive,True,enemy,K.O.,29.166666666689878,"[0, 78.40000000000012]","[161.5999999999999, 239.99999999999994]",0
yamcha,gyumao,325500,competitive,True,player,K.O.,40.80833333336085,"[199.9, 0]","[336.00000000000006, 40.099999999999994]",0
yamcha,chichi,325597,competitive,True,player,K.O.,27.308333333355066,"[69.7000000000001, 0]","[207.99999999999994, 170.2999999999999]",0
yamcha,bulma,325694,competitive,True,player,K.O.,38.45833333336098,"[187.59999999999994, 0]","[203.99999999999997, 52.40000000000006]",0
yamcha,chiaotzu,325791,competitive,True,player,K.O.,41.51666666669414,"[106.70000000000006, 0]","[210.99999999999994, 133.29999999999995]",0
yamcha,oolong,325888,competitive,True,player,K.O.,33.5500000000267,"[140.00000000000009, 0]","[231.99999999999991, 99.99999999999991]",0
yamcha,korin,325985,competitive,True,player,K.O.,42.38333333336076,"[44.8000000000001, 0]","[201.99999999999994, 195.19999999999993]",0
yamcha,pilaf,326082,competitive,True,player,K.O.,40.42500000002754,"[72.9, 0]","[300.00000000000006, 167.10000000000005]",0
gyumao,goku,326598,competitive,True,enemy,K.O.,43.591666666694024,"[0, 127.30000000000005]","[112.69999999999995, 336]",0
gyumao,roshi,326695,competitive,True,enemy,K.O.,43.766666666694015,"[0, 66.20000000000005]","[163.7999999999999, 335.9999999999999]",0
gyumao,taopaipai,326792,competitive,True,enemy,K.O.,37.183333333361055,"[0, 97.00000000000007]","[123.99999999999993, 336]",0
gyumao,piccolo,326889,competitive,True,enemy,K.O.,44.13333333336066,"[0, 46.60000000000001]","[212.39999999999992, 336.00000000000017]",0
gyumao,tien,326986,competitive,True,enemy,K.O.,32.65833333335932,"[0, 178.90000000000003]","[71.09999999999997, 335.99999999999994]",0
gyumao,krillin,327083,competitive,True,enemy,K.O.,45.658333333360574,"[0, 169.4]","[60.599999999999994, 336]",0
gyumao,yamcha,327180,competitive,True,enemy,K.O.,44.6500000000273,"[0, 99.00000000000006]","[140.99999999999994, 336.00000000000006]",0
gyumao,gyumao,327277,competitive,True,player,K.O.,55.075000000026705,"[76.30000000000007, 0]","[335.99999999999994, 259.6999999999999]",0
gyumao,chichi,327374,competitive,True,enemy,K.O.,39.691666666694246,"[0, 140.4]","[67.6, 335.99999999999983]",0
gyumao,bulma,327471,competitive,True,player,K.O.,83.61666666669174,"[174.90000000000015, 0]","[204.00000000000003, 161.09999999999985]",0
gyumao,chiaotzu,327568,competitive,True,player,K.O.,91.47500000002469,"[72.30000000000014, 0]","[211.00000000000006, 263.6999999999998]",0
gyumao,oolong,327665,competitive,True,enemy,K.O.,62.67500000002627,"[0, 142.8]","[89.19999999999999, 336.0000000000001]",0
gyumao,korin,327762,competitive,True,enemy,K.O.,68.90833333335925,"[0, 105.79999999999995]","[120.20000000000005, 336.0000000000002]",0
gyumao,pilaf,327859,competitive,True,player,K.O.,49.52500000002702,"[202.59999999999985, 0]","[299.99999999999994, 133.40000000000015]",0
chichi,goku,328375,competitive,True,player,K.O.,32.108333333358885,"[54.6, 0]","[239.99999999999994, 153.4]",0
chichi,roshi,328472,competitive,True,player,K.O.,30.73333333335779,"[8.700000000000028, 0]","[229.99999999999986, 199.29999999999993]",0
chichi,taopaipai,328569,competitive,True,enemy,K.O.,34.383333333360696,"[0, 26.300000000000015]","[194.69999999999993, 207.99999999999994]",0
chichi,piccolo,328666,competitive,True,player,K.O.,28.83333333335628,"[85.89999999999993, 0]","[258.99999999999994, 122.10000000000007]",0
chichi,tien,328763,competitive,True,player,K.O.,27.141666666688266,"[29.00000000000003, 0]","[229.99999999999997, 178.99999999999997]",0
chichi,krillin,328860,competitive,True,enemy,K.O.,27.358333333355105,"[0, 27.700000000000003]","[202.29999999999995, 208]",0
chichi,yamcha,328957,competitive,True,player,K.O.,31.575000000025128,"[38.20000000000009, 0]","[240, 169.79999999999993]",0
chichi,gyumao,329054,competitive,True,player,K.O.,35.758333333361136,"[173.00000000000003, 0]","[336, 34.99999999999997]",0
chichi,chichi,329151,competitive,True,player,K.O.,31.00000000002467,"[1.300000000000054, 0]","[208, 206.69999999999987]",0
chichi,bulma,329248,competitive,True,player,K.O.,52.891666666693496,"[143.79999999999993, 0]","[203.99999999999997, 64.20000000000007]",0
chichi,chiaotzu,329345,competitive,True,player,K.O.,36.425000000027765,"[82.60000000000005, 0]","[210.99999999999994, 125.39999999999995]",0
chichi,oolong,329442,competitive,True,player,K.O.,46.3500000000272,"[71.10000000000012, 0]","[231.9999999999999, 136.8999999999999]",0
chichi,korin,329539,competitive,True,player,K.O.,32.058333333358846,"[116.00000000000004, 0]","[201.99999999999994, 91.99999999999996]",0
chichi,pilaf,329636,competitive,True,player,K.O.,32.76666666669274,"[117.69999999999999, 0]","[299.99999999999994, 90.30000000000001]",0
bulma,goku,330152,competitive,True,enemy,K.O.,42.925000000027396,"[0, 159.29999999999998]","[80.70000000000002, 204]",0
bulma,roshi,330249,competitive,True,enemy,K.O.,31.725000000025247,"[0, 197.40000000000003]","[32.599999999999966, 203.99999999999997]",0
bulma,taopaipai,330346,competitive,True,enemy,K.O.,36.09166666669445,"[0, 125.40000000000008]","[95.59999999999992, 203.99999999999997]",0
bulma,piccolo,330443,competitive,True,enemy,K.O.,89.41666666669141,"[0, 149.09999999999994]","[109.90000000000006, 204.00000000000003]",0
bulma,tien,330540,competitive,True,enemy,K.O.,39.44166666669426,"[0, 156.50000000000003]","[73.49999999999997, 204]",0
bulma,krillin,330637,competitive,True,enemy,K.O.,43.44166666669403,"[0, 134.8]","[95.19999999999999, 204]",0
bulma,yamcha,330734,competitive,True,enemy,K.O.,40.52500000002753,"[0, 145.5999999999999]","[94.40000000000009, 203.99999999999991]",0
bulma,gyumao,330831,competitive,True,enemy,K.O.,58.95833333335982,"[0, 261.4000000000004]","[74.59999999999962, 204]",0
bulma,chichi,330928,competitive,True,enemy,K.O.,48.900000000027056,"[0, 146.09999999999997]","[61.900000000000034, 203.99999999999997]",0
bulma,bulma,331025,competitive,True,player,TIME UP,99,"[40.99999999999989, 15.999999999999956]","[188.00000000000014, 163.00000000000017]",0
bulma,chiaotzu,331122,competitive,True,enemy,K.O.,84.05833333335839,"[0, 3.999999999999921]","[207.00000000000003, 203.99999999999997]",0
bulma,oolong,331219,competitive,True,enemy,K.O.,67.10000000002603,"[0, 117.09999999999995]","[114.90000000000005, 203.99999999999997]",0
bulma,korin,331316,competitive,True,enemy,K.O.,62.11666666669297,"[0, 109.69999999999999]","[116.30000000000001, 203.99999999999997]",0
bulma,pilaf,331413,competitive,True,player,TIME UP,99,"[33.899999999999984, 27.500000000000153]","[272.4999999999997, 170.10000000000002]",0
chiaotzu,goku,331929,competitive,True,enemy,K.O.,75.34166666669222,"[0, 89.29999999999998]","[150.70000000000002, 211]",0
chiaotzu,roshi,332026,competitive,True,enemy,K.O.,69.80000000002588,"[0, 37.999999999999936]","[192.00000000000009, 211]",0
chiaotzu,taopaipai,332123,competitive,True,enemy,K.O.,30.83333333335787,"[0, 136.20000000000005]","[84.79999999999995, 210.99999999999994]",0
chiaotzu,piccolo,332220,competitive,True,player,K.O.,92.76666666669142,"[60.99999999999997, 0]","[259, 150.00000000000006]",0
chiaotzu,tien,332317,competitive,True,enemy,K.O.,43.008333333360724,"[0, 135.39999999999998]","[114.60000000000002, 211.00000000000003]",0
chiaotzu,krillin,332414,competitive,True,enemy,K.O.,41.30833333336082,"[0, 117.1000000000001]","[112.8999999999999, 211]",0
chiaotzu,yamcha,332511,competitive,True,enemy,K.O.,38.62500000002764,"[0, 117.00000000000001]","[122.99999999999999, 210.99999999999997]",0
chiaotzu,gyumao,332608,competitive,True,enemy,K.O.,83.62500000002508,"[0, 45.10000000000005]","[290.8999999999998, 211.00000000000003]",0
chiaotzu,chichi,332705,competitive,True,enemy,K.O.,45.25000000002726,"[0, 60.69999999999987]","[147.30000000000015, 210.99999999999994]",0
chiaotzu,bulma,332802,competitive,True,enemy,TIME UP,99,"[23.199999999999864, 26.09999999999992]","[177.90000000000006, 187.8000000000002]",0
chiaotzu,chiaotzu,332899,competitive,True,enemy,TIME UP,99,"[23.799999999999933, 41.8999999999999]","[169.10000000000014, 187.2000000000001]",0
chiaotzu,oolong,332996,competitive,True,player,K.O.,82.60833333335847,"[74.30000000000011, 0]","[232, 136.6999999999999]",0
chiaotzu,korin,333093,competitive,True,enemy,K.O.,49.3166666666937,"[0, 73.70000000000007]","[152.29999999999993, 211]",0
chiaotzu,pilaf,333190,competitive,True,enemy,K.O.,74.48333333335893,"[0, 99.8999999999999]","[200.10000000000002, 211]",0
oolong,goku,333706,competitive,True,enemy,K.O.,55.191666666693365,"[0, 28.300000000000104]","[211.69999999999985, 232]",0
oolong,roshi,333803,competitive,True,enemy,K.O.,37.441666666694374,"[0, 138.90000000000003]","[91.09999999999997, 231.99999999999997]",0
oolong,taopaipai,333900,competitive,True,enemy,K.O.,46.508333333360525,"[0, 128.0000000000001]","[92.99999999999989, 231.99999999999994]",0
oolong,piccolo,333997,competitive,True,enemy,K.O.,43.19166666669405,"[0, 50.60000000000008]","[208.39999999999986, 232.00000000000009]",0
oolong,tien,334094,competitive,True,enemy,K.O.,37.0166666666944,"[0, 193.00000000000006]","[56.99999999999994, 232.00000000000003]",0
oolong,krillin,334191,competitive,True,enemy,K.O.,44.90000000002728,"[0, 62.300000000000104]","[167.6999999999999, 232]",0
oolong,yamcha,334288,competitive,True,enemy,K.O.,58.10000000002653,"[0, 34.00000000000009]","[205.99999999999983, 231.99999999999991]",0
oolong,gyumao,334385,competitive,True,enemy,K.O.,77.8500000000254,"[0, 89.79999999999987]","[246.2000000000001, 231.99999999999997]",0
oolong,chichi,334482,competitive,True,enemy,K.O.,37.91666666669435,"[0, 99.60000000000012]","[108.39999999999988, 231.99999999999997]",0
oolong,bulma,334579,competitive,True,enemy,TIME UP,99,"[56.09999999999996, 76.7000000000001]","[127.2999999999999, 175.9000000000001]",0
oolong,chiaotzu,334676,competitive,True,player,K.O.,87.59166666669152,"[9.99999999999994, 0]","[210.99999999999991, 222.00000000000003]",0
oolong,oolong,334773,competitive,True,enemy,K.O.,44.40000000002731,"[0, 74.70000000000014]","[157.29999999999984, 231.99999999999994]",0
oolong,korin,334870,competitive,True,enemy,K.O.,56.52500000002662,"[0, 74.50000000000016]","[151.49999999999983, 231.99999999999997]",0
oolong,pilaf,334967,competitive,True,enemy,K.O.,63.68333333335955,"[0, 27.100000000000122]","[272.9, 232]",0
korin,goku,335483,competitive,True,enemy,K.O.,31.900000000025386,"[0, 167]","[73, 202]",0
korin,roshi,335580,competitive,True,enemy,K.O.,32.200000000025625,"[0, 126.50000000000006]","[103.49999999999994, 201.99999999999997]",0
korin,taopaipai,335677,competitive,True,enemy,K.O.,43.31666666669404,"[0, 48.80000000000013]","[172.19999999999987, 225.99999999999997]",0
korin,piccolo,335774,competitive,True,player,K.O.,58.74166666669316,"[24.19999999999993, 0]","[258.9999999999999, 201.80000000000007]",0
korin,tien,335871,competitive,True,enemy,K.O.,40.48333333336087,"[0, 99.90000000000012]","[150.0999999999999, 202]",0
korin,krillin,335968,competitive,True,enemy,K.O.,37.80833333336102,"[0, 116.70000000000007]","[113.29999999999993, 202]",0
korin,yamcha,336065,competitive,True,enemy,K.O.,41.1250000000275,"[0, 115.89999999999999]","[124.10000000000001, 201.99999999999997]",0
korin,gyumao,336162,competitive,True,player,K.O.,67.15833333335935,"[53.9, 0]","[336.0000000000004, 148.10000000000002]",0
korin,chichi,336259,competitive,True,enemy,K.O.,34.925000000027794,"[0, 86.30000000000011]","[121.69999999999989, 201.99999999999983]",0
korin,bulma,336356,competitive,True,player,K.O.,67.51666666669266,"[123.60000000000002, 0]","[203.99999999999994, 78.39999999999998]",0
korin,chiaotzu,336453,competitive,True,player,K.O.,56.50833333335996,"[74.89999999999989, 0]","[210.99999999999997, 127.10000000000011]",0
korin,oolong,336550,competitive,True,enemy,K.O.,84.50000000002504,"[0, 0.10000000000008091]","[231.89999999999986, 225.99999999999991]",0
korin,korin,336647,competitive,True,player,K.O.,60.67500000002639,"[73.20000000000013, 0]","[225.99999999999997, 152.79999999999987]",0
korin,pilaf,336744,competitive,True,player,K.O.,58.6750000000265,"[57.90000000000002, 0]","[300.00000000000017, 168.10000000000002]",0
pilaf,goku,337260,competitive,True,enemy,K.O.,39.483333333360925,"[0, 149.19999999999996]","[90.80000000000004, 299.99999999999994]",0
pilaf,roshi,337357,competitive,True,enemy,K.O.,42.47500000002742,"[0, 14.000000000000023]","[215.99999999999991, 299.99999999999994]",0
pilaf,taopaipai,337454,competitive,True,enemy,K.O.,38.77500000002763,"[0, 45.49999999999999]","[175.50000000000006, 299.99999999999994]",0
pilaf,piccolo,337551,competitive,True,enemy,K.O.,39.250000000027605,"[0, 105.29999999999998]","[153.70000000000005, 300.0000000000001]",0
pilaf,tien,337648,competitive,True,enemy,K.O.,37.29166666669438,"[0, 113.19999999999997]","[136.8, 300]",0
pilaf,krillin,337745,competitive,True,enemy,K.O.,42.97500000002739,"[0, 107.5]","[122.5, 299.99999999999994]",0
pilaf,yamcha,337842,competitive,True,enemy,K.O.,41.1250000000275,"[0, 98.50000000000003]","[141.49999999999994, 300]",0
pilaf,gyumao,337939,competitive,True,enemy,K.O.,84.29166666669171,"[0, 46.19999999999992]","[289.8000000000002, 300.00000000000006]",0
pilaf,chichi,338036,competitive,True,enemy,K.O.,34.766666666694334,"[0, 128.89999999999998]","[79.10000000000002, 299.9999999999999]",0
pilaf,bulma,338133,competitive,True,player,K.O.,89.2333333333581,"[96.90000000000028, 0]","[204, 203.09999999999974]",0
pilaf,chiaotzu,338230,competitive,True,player,K.O.,87.08333333335821,"[91.39999999999979, 0]","[211, 208.6000000000002]",0
pilaf,oolong,338327,competitive,True,player,K.O.,53.358333333360136,"[127.90000000000013, 0]","[232.00000000000003, 172.09999999999985]",0
pilaf,korin,338424,competitive,True,enemy,K.O.,61.68333333335966,"[0, 84.90000000000005]","[141.10000000000002, 300]",0
pilaf,pilaf,338521,competitive,True,player,K.O.,62.066666666692974,"[41.80000000000003, 0]","[300, 258.19999999999993]",0
goku,piccolo,419159,senzu,True,player,K.O.,31.17500000002481,"[142.39999999999998, 0]","[259, 97.60000000000002]",0
goku,piccolo,523888,senzu,True,player,K.O.,34.391666666694036,"[153.49999999999991, 0]","[259, 86.50000000000009]",0
roshi,tien,420936,senzu,True,player,K.O.,26.45000000002105,"[36.09999999999998, 0]","[250.00000000000003, 193.89999999999998]",0
roshi,tien,525665,senzu,True,enemy,K.O.,28.93333333335636,"[0, 34.80000000000003]","[215.19999999999993, 230]",0
taopaipai,krillin,422713,senzu,True,enemy,K.O.,30.98333333335799,"[0, 110.40000000000012]","[119.59999999999988, 221]",0
taopaipai,krillin,527442,senzu,True,enemy,K.O.,37.89166666669435,"[0, 28.70000000000008]","[201.29999999999987, 221]",0
piccolo,yamcha,424490,senzu,True,enemy,K.O.,31.641666666691847,"[0, 45.59999999999992]","[194.4000000000002, 258.9999999999999]",0
piccolo,yamcha,529219,senzu,True,player,K.O.,36.3583333333611,"[10.500000000000048, 0]","[240.00000000000006, 248.49999999999986]",0
tien,gyumao,426267,senzu,True,player,K.O.,41.700000000027465,"[213.80000000000004, 0]","[335.99999999999994, 36.19999999999996]",0
tien,gyumao,530996,senzu,True,player,K.O.,38.36666666669432,"[94.20000000000002, 0]","[335.99999999999994, 135.79999999999995]",0
krillin,chichi,428044,senzu,True,enemy,K.O.,33.73333333336018,"[0, 51.79999999999995]","[156.20000000000002, 229.99999999999991]",0
krillin,chichi,532773,senzu,True,enemy,K.O.,31.08333333335807,"[0, 41.79999999999999]","[166.20000000000002, 229.99999999999997]",0
yamcha,bulma,429821,senzu,True,player,K.O.,48.400000000027084,"[129.19999999999996, 0]","[203.99999999999997, 110.80000000000004]",0
yamcha,bulma,534550,senzu,True,player,K.O.,47.72500000002712,"[160.5, 0]","[203.99999999999994, 79.5]",0
gyumao,chiaotzu,431598,senzu,True,enemy,TIME UP,99,"[55.20000000000011, 54.79999999999998]","[156.20000000000005, 280.7999999999999]",0
gyumao,chiaotzu,536327,senzu,True,enemy,TIME UP,99,"[89.30000000000008, 70.89999999999995]","[140.10000000000008, 246.69999999999987]",0
chichi,oolong,433375,senzu,True,player,K.O.,34.06666666669378,"[114.10000000000005, 0]","[231.9999999999999, 93.89999999999995]",0
chichi,oolong,538104,senzu,True,player,K.O.,33.4250000000266,"[77.10000000000007, 0]","[231.99999999999994, 130.89999999999992]",0
bulma,korin,435152,senzu,True,enemy,K.O.,58.425000000026515,"[0, 140.49999999999994]","[61.50000000000006, 204.00000000000003]",0
bulma,korin,539881,senzu,True,enemy,K.O.,64.13333333335953,"[0, 114.49999999999997]","[111.50000000000004, 204.00000000000006]",0
chiaotzu,pilaf,436929,senzu,True,enemy,K.O.,97.08333333335818,"[0, 79.69999999999987]","[220.30000000000018, 210.99999999999997]",0
chiaotzu,pilaf,541658,senzu,True,enemy,K.O.,96.43333333335819,"[0, 5.79999999999983]","[294.2000000000002, 211]",0
oolong,goku,438706,senzu,True,enemy,K.O.,49.483333333360356,"[0, 80.10000000000014]","[159.89999999999984, 232]",0
oolong,goku,543435,senzu,True,enemy,K.O.,60.316666666693074,"[0, 85.10000000000012]","[154.8999999999999, 231.99999999999997]",0
korin,roshi,440483,senzu,True,enemy,K.O.,30.82500000002453,"[0, 143.60000000000002]","[86.39999999999998, 201.99999999999994]",0
korin,roshi,545212,senzu,True,enemy,K.O.,36.88333333336107,"[0, 84.60000000000007]","[145.39999999999992, 201.99999999999994]",0
pilaf,taopaipai,442260,senzu,True,enemy,K.O.,28.49166666668934,"[0, 152.49999999999997]","[68.50000000000003, 299.99999999999994]",0
pilaf,taopaipai,546989,senzu,True,enemy,K.O.,40.52500000002753,"[0, 46.599999999999994]","[174.39999999999998, 300.00000000000006]",0
