attacker,defender,passed,failed,checks
goku,goku,9,0,"[{""name"": ""初始化、移动、防御与释放"", ""pass"": true}, {""name"": ""近身light真实命中、一次伤害和恢复"", ""pass"": true}, {""name"": ""近身heavy真实命中、一次伤害和恢复"", ""pass"": true}, {""name"": ""射程外、背后、错误高度不命中"", ""pass"": true}, {""name"": ""格挡、空挥和反击窗口"", ""pass"": true}, {""name"": ""投技和拆投"", ""pass"": true}, {""name"": ""特殊技按设计生效并支付资源"", ""pass"": true}, {""name"": ""必杀、一次扣气、命中或真实能力与恢复"", ""pass"": true}, {""name"": ""倒地、起身、胜负、回合状态清理"", ""pass"": true}]"
goku,roshi,9,0,"[{""name"": ""初始化、移动、防御与释放"", ""pass"": true}, {""name"": ""近身light真实命中、一次伤害和恢复"", ""pass"": true}, {""name"": ""近身heavy真实命中、一次伤害和恢复"", ""pass"": true}, {""name"": ""射程外、背后、错误高度不命中"", ""pass"": true}, {""name"": ""格挡、空挥和反击窗口"", ""pass"": true}, {""name"": ""投技和拆投"", ""pass"": true}, {""name"": ""特殊技按设计生效并支付资源"", ""pass"": true}, {""name"": ""必杀、一次扣气、命中或真实能力与恢复"", ""pass"": true}, {""name"": ""倒地、起身、胜负、回合状态清理"", ""pass"": true}]"
goku,taopaipai,9,0,"[{""name"": ""初始化、移动、防御与释放"", ""pass"": true}, {""name"": ""近身light真实命中、一次伤害和恢复"", ""pass"": true}, {""name"": ""近身heavy真实命中、一次伤害和恢复"", ""pass"": true}, {""name"": ""射程外、背后、错误高度不命中"", ""pass"": true}, {""name"": ""格挡、空挥和反击窗口"", ""pass"": true}, {""name"": ""投技和拆投"", ""pass"": true}, {""name"": ""特殊技按设计生效并支付资源"", ""pass"": true}, {""name"": ""必杀、一次扣气、命中或真实能力与恢复"", ""pass"": true}, {""name"": ""倒地、起身、胜负、回合状态清理"", ""pass"": true}]"
goku,piccolo,9,0,"[{""name"": ""初始化、移动、防御与释放"", ""pass"": true}, {""name"": ""近身light真实命中、一次伤害和恢复"", ""pass"": true}, {""name"": ""近身heavy真实命中、一次伤害和恢复"", ""pass"": true}, {""name"": ""射程外、背后、错误高度不命中"", ""pass"": true}, {""name"": ""格挡、空挥和反击窗口"", ""pass"": true}, {""name"": ""投技和拆投"", ""pass"": true}, {""name"": ""特殊技按设计生效并支付资源"", ""pass"": true}, {""name"": ""必杀、一次扣气、命中或真实能力与恢复"", ""pass"": true}, {""name"": ""倒地、起身、胜负、回合状态清理"", ""pass"": true}]"
goku,tien,9,0,"[{""name"": ""初始化、移动、防御与释放"", ""pass"": true}, {""name"": ""近身light真实命中、一次伤害和恢复"", ""pass"": true}, {""name"": ""近身heavy真实命中、一次伤害和恢复"", ""pass"": true}, {""name"": ""射程外、背后、错误高度不命中"", ""pass"": true}, {""name"": ""格挡、空挥和反击窗口"", ""pass"": true}, {""name"": ""投技和拆投"", ""pass"": true}, {""name"": ""特殊技按设计生效并支付资源"", ""pass"": true}, {""name"": ""必杀、一次扣气、命中或真实能力与恢复"", ""pass"": true}, {""name"": ""倒地、起身、胜负、回合状态清理"", ""pass"": true}]"
goku,krillin,9,0,"[{""name"": ""初始化、移动、防御与释放"", ""pass"": true}, {""name"": ""近身light真实命中、一次伤害和恢复"", ""pass"": true}, {""name"": ""近身heavy真实命中、一次伤害和恢复"", ""pass"": true}, {""name"": ""射程外、背后、错误高度不命中"", ""pass"": true}, {""name"": ""格挡、空挥和反击窗口"", ""pass"": true}, {""name"": ""投技和拆投"", ""pass"": true}, {""name"": ""特殊技按设计生效并支付资源"", ""pass"": true}, {""name"": ""必杀、一次扣气、命中或真实能力与恢复"", ""pass"": true}, {""name"": ""倒地、起身、胜负、回合状态清理"", ""pass"": true}]"
goku,yamcha,9,0,"[{""name"": ""初始化、移动、防御与释放"", ""pass"": true}, {""name"": ""近身light真实命中、一次伤害和恢复"", ""pass"": true}, {""name"": ""近身heavy真实命中、一次伤害和恢复"", ""pass"": true}, {""name"": ""射程外、背后、错误高度不命中"", ""pass"": true}, {""name"": ""格挡、空挥和反击窗口"", ""pass"": true}, {""name"": ""投技和拆投"", ""pass"": true}, {""name"": ""特殊技按设计生效并支付资源"", ""pass"": true}, {""name"": ""必杀、一次扣气、命中或真实能力与恢复"", ""pass"": true}, {""name"": ""倒地、起身、胜负、回合状态清理"", ""pass"": true}]"
goku,gyumao,9,0,"[{""name"": ""初始化、移动、防御与释放"", ""pass"": true}, {""name"": ""近身light真实命中、一次伤害和恢复"", ""pass"": true}, {""name"": ""近身heavy真实命中、一次伤害和恢复"", ""pass"": true}, {""name"": ""射程外、背后、错误高度不命中"", ""pass"": true}, {""name"": ""格挡、空挥和反击窗口"", ""pass"": true}, {""name"": ""投技和拆投"", ""pass"": true}, {""name"": ""特殊技按设计生效并支付资源"", ""pass"": true}, {""name"": ""必杀、一次扣气、命中或真实能力与恢复"", ""pass"": true}, {""name"": ""倒地、起身、胜负、回合状态清理"", ""pass"": true}]"
goku,chichi,9,0,"[{""name"": ""初始化、移动、防御与释放"", ""pass"": true}, {""name"": ""近身light真实命中、一次伤害和恢复"", ""pass"": true}, {""name"": ""近身heavy真实命中、一次伤害和恢复"", ""pass"": true}, {""name"": ""射程外、背后、错误高度不命中"", ""pass"": true}, {""name"": ""格挡、空挥和反击窗口"", ""pass"": true}, {""name"": ""投技和拆投"", ""pass"": true}, {""name"": ""特殊技按设计生效并支付资源"", ""pass"": true}, {""name"": ""必杀、一次扣气、命中或真实能力与恢复"", ""pass"": true}, {""name"": ""倒地、起身、胜负、回合状态清理"", ""pass"": true}]"
goku,bulma,9,0,"[{""name"": ""初始化、移动、防御与释放"", ""pass"": true}, {""name"": ""近身light真实命中、一次伤害和恢复"", ""pass"": true}, {""name"": ""近身heavy真实命中、一次伤害和恢复"", ""pass"": true}, {""name"": ""射程外、背后、错误高度不命中"", ""pass"": true}, {""name"": ""格挡、空挥和反击窗口"", ""pass"": true}, {""name"": ""投技和拆投"", ""pass"": true}, {""name"": ""特殊技按设计生效并支付资源"", ""pass"": true}, {""name"": ""必杀、一次扣气、命中或真实能力与恢复"", ""pass"": true}, {""name"": ""倒地、起身、胜负、回合状态清理"", ""pass"": true}]"
goku,chiaotzu,9,0,"[{""name"": ""初始化、移动、防御与释放"", ""pass"": true}, {""name"": ""近身light真实命中、一次伤害和恢复"", ""pass"": true}, {""name"": ""近身heavy真实命中、一次伤害和恢复"", ""pass"": true}, {""name"": ""射程外、背后、错误高度不命中"", ""pass"": true}, {""name"": ""格挡、空挥和反击窗口"", ""pass"": true}, {""name"": ""投技和拆投"", ""pass"": true}, {""name"": ""特殊技按设计生效并支付资源"", ""pass"": true}, {""name"": ""必杀、一次扣气、命中或真实能力与恢复"", ""pass"": true}, {""name"": ""倒地、起身、胜负、回合状态清理"", ""pass"": true}]"
goku,oolong,9,0,"[{""name"": ""初始化、移动、防御与释放"", ""pass"": true}, {""name"": ""近身light真实命中、一次伤害和恢复"", ""pass"": true}, {""name"": ""近身heavy真实命中、一次伤害和恢复"", ""pass"": true}, {""name"": ""射程外、背后、错误高度不命中"", ""pass"": true}, {""name"": ""格挡、空挥和反击窗口"", ""pass"": true}, {""name"": ""投技和拆投"", ""pass"": true}, {""name"": ""特殊技按设计生效并支付资源"", ""pass"": true}, {""name"": ""必杀、一次扣气、命中或真实能力与恢复"", ""pass"": true}, {""name"": ""倒地、起身、胜负、回合状态清理"", ""pass"": true}]"
goku,korin,9,0,"[{""name"": ""初始化、移动、防御与释放"", ""pass"": true}, {""name"": ""近身light真实命中、一次伤害和恢复"", ""pass"": true}, {""name"": ""近身heavy真实命中、一次伤害和恢复"", ""pass"": true}, {""name"": ""射程外、背后、错误高度不命中"", ""pass"": true}, {""name"": ""格挡、空挥和反击窗口"", ""pass"": true}, {""name"": ""投技和拆投"", ""pass"": true}, {""name"": ""特殊技按设计生效并支付资源"", ""pass"": true}, {""name"": ""必杀、一次扣气、命中或真实能力与恢复"", ""pass"": true}, {""name"": ""倒地、起身、胜负、回合状态清理"", ""pass"": true}]"
goku,pilaf,9,0,"[{""name"": ""初始化、移动、防御与释放"", ""pass"": true}, {""name"": ""近身light真实命中、一次伤害和恢复"", ""pass"": true}, {""name"": ""近身heavy真实命中、一次伤害和恢复"", ""pass"": true}, {""name"": ""射程外、背后、错误高度不命中"", ""pass"": true}, {""name"": ""格挡、空挥和反击窗口"", ""pass"": true}, {""name"": ""投技和拆投"", ""pass"": true}, {""name"": ""特殊技按设计生效并支付资源"", ""pass"": true}, {""name"": ""必杀、一次扣气、命中或真实能力与恢复"", ""pass"": true}, {""name"": ""倒地、起身、胜负、回合状态清理"", ""pass"": true}]"
roshi,goku,9,0,"[{""name"": ""初始化、移动、防御与释放"", ""pass"": true}, {""name"": ""近身light真实命中、一次伤害和恢复"", ""pass"": true}, {""name"": ""近身heavy真实命中、一次伤害和恢复"", ""pass"": true}, {""name"": ""射程外、背后、错误高度不命中"", ""pass"": true}, {""name"": ""格挡、空挥和反击窗口"", ""pass"": true}, {""name"": ""投技和拆投"", ""pass"": true}, {""name"": ""特殊技按设计生效并支付资源"", ""pass"": true}, {""name"": ""必杀、一次扣气、命中或真实能力与恢复"", ""pass"": true}, {""name"": ""倒地、起身、胜负、回合状态清理"", ""pass"": true}]"
roshi,roshi,9,0,"[{""name"": ""初始化、移动、防御与释放"", ""pass"": true}, {""name"": ""近身light真实命中、一次伤害和恢复"", ""pass"": true}, {""name"": ""近身heavy真实命中、一次伤害和恢复"", ""pass"": true}, {""name"": ""射程外、背后、错误高度不命中"", ""pass"": true}, {""name"": ""格挡、空挥和反击窗口"", ""pass"": true}, {""name"": ""投技和拆投"", ""pass"": true}, {""name"": ""特殊技按设计生效并支付资源"", ""pass"": true}, {""name"": ""必杀、一次扣气、命中或真实能力与恢复"", ""pass"": true}, {""name"": ""倒地、起身、胜负、回合状态清理"", ""pass"": true}]"
roshi,taopaipai,9,0,"[{""name"": ""初始化、移动、防御与释放"", ""pass"": true}, {""name"": ""近身light真实命中、一次伤害和恢复"", ""pass"": true}, {""name"": ""近身heavy真实命中、一次伤害和恢复"", ""pass"": true}, {""name"": ""射程外、背后、错误高度不命中"", ""pass"": true}, {""name"": ""格挡、空挥和反击窗口"", ""pass"": true}, {""name"": ""投技和拆投"", ""pass"": true}, {""name"": ""特殊技按设计生效并支付资源"", ""pass"": true}, {""name"": ""必杀、一次扣气、命中或真实能力与恢复"", ""pass"": true}, {""name"": ""倒地、起身、胜负、回合状态清理"", ""pass"": true}]"
roshi,piccolo,9,0,"[{""name"": ""初始化、移动、防御与释放"", ""pass"": true}, {""name"": ""近身light真实命中、一次伤害和恢复"", ""pass"": true}, {""name"": ""近身heavy真实命中、一次伤害和恢复"", ""pass"": true}, {""name"": ""射程外、背后、错误高度不命中"", ""pass"": true}, {""name"": ""格挡、空挥和反击窗口"", ""pass"": true}, {""name"": ""投技和拆投"", ""pass"": true}, {""name"": ""特殊技按设计生效并支付资源"", ""pass"": true}, {""name"": ""必杀、一次扣气、命中或真实能力与恢复"", ""pass"": true}, {""name"": ""倒地、起身、胜负、回合状态清理"", ""pass"": true}]"
roshi,tien,9,0,"[{""name"": ""初始化、移动、防御与释放"", ""pass"": true}, {""name"": ""近身light真实命中、一次伤害和恢复"", ""pass"": true}, {""name"": ""近身heavy真实命中、一次伤害和恢复"", ""pass"": true}, {""name"": ""射程外、背后、错误高度不命中"", ""pass"": true}, {""name"": ""格挡、空挥和反击窗口"", ""pass"": true}, {""name"": ""投技和拆投"", ""pass"": true}, {""name"": ""特殊技按设计生效并支付资源"", ""pass"": true}, {""name"": ""必杀、一次扣气、命中或真实能力与恢复"", ""pass"": true}, {""name"": ""倒地、起身、胜负、回合状态清理"", ""pass"": true}]"
roshi,krillin,9,0,"[{""name"": ""初始化、移动、防御与释放"", ""pass"": true}, {""name"": ""近身light真实命中、一次伤害和恢复"", ""pass"": true}, {""name"": ""近身heavy真实命中、一次伤害和恢复"", ""pass"": true}, {""name"": ""射程外、背后、错误高度不命中"", ""pass"": true}, {""name"": ""格挡、空挥和反击窗口"", ""pass"": true}, {""name"": ""投技和拆投"", ""pass"": true}, {""name"": ""特殊技按设计生效并支付资源"", ""pass"": true}, {""name"": ""必杀、一次扣气、命中或真实能力与恢复"", ""pass"": true}, {""name"": ""倒地、起身、胜负、回合状态清理"", ""pass"": true}]"
roshi,yamcha,9,0,"[{""name"": ""初始化、移动、防御与释放"", ""pass"": true}, {""name"": ""近身light真实命中、一次伤害和恢复"", ""pass"": true}, {""name"": ""近身heavy真实命中、一次伤害和恢复"", ""pass"": true}, {""name"": ""射程外、背后、错误高度不命中"", ""pass"": true}, {""name"": ""格挡、空挥和反击窗口"", ""pass"": true}, {""name"": ""投技和拆投"", ""pass"": true}, {""name"": ""特殊技按设计生效并支付资源"", ""pass"": true}, {""name"": ""必杀、一次扣气、命中或真实能力与恢复"", ""pass"": true}, {""name"": ""倒地、起身、胜负、回合状态清理"", ""pass"": true}]"
roshi,gyumao,9,0,"[{""name"": ""初始化、移动、防御与释放"", ""pass"": true}, {""name"": ""近身light真实命中、一次伤害和恢复"", ""pass"": true}, {""name"": ""近身heavy真实命中、一次伤害和恢复"", ""pass"": true}, {""name"": ""射程外、背后、错误高度不命中"", ""pass"": true}, {""name"": ""格挡、空挥和反击窗口"", ""pass"": true}, {""name"": ""投技和拆投"", ""pass"": true}, {""name"": ""特殊技按设计生效并支付资源"", ""pass"": true}, {""name"": ""必杀、一次扣气、命中或真实能力与恢复"", ""pass"": true}, {""name"": ""倒地、起身、胜负、回合状态清理"", ""pass"": true}]"
roshi,chichi,9,0,"[{""name"": ""初始化、移动、防御与释放"", ""pass"": true}, {""name"": ""近身light真实命中、一次伤害和恢复"", ""pass"": true}, {""name"": ""近身heavy真实命中、一次伤害和恢复"", ""pass"": true}, {""name"": ""射程外、背后、错误高度不命中"", ""pass"": true}, {""name"": ""格挡、空挥和反击窗口"", ""pass"": true}, {""name"": ""投技和拆投"", ""pass"": true}, {""name"": ""特殊技按设计生效并支付资源"", ""pass"": true}, {""name"": ""必杀、一次扣气、命中或真实能力与恢复"", ""pass"": true}, {""name"": ""倒地、起身、胜负、回合状态清理"", ""pass"": true}]"
roshi,bulma,9,0,"[{""name"": ""初始化、移动、防御与释放"", ""pass"": true}, {""name"": ""近身light真实命中、一次伤害和恢复"", ""pass"": true}, {""name"": ""近身heavy真实命中、一次伤害和恢复"", ""pass"": true}, {""name"": ""射程外、背后、错误高度不命中"", ""pass"": true}, {""name"": ""格挡、空挥和反击窗口"", ""pass"": true}, {""name"": ""投技和拆投"", ""pass"": true}, {""name"": ""特殊技按设计生效并支付资源"", ""pass"": true}, {""name"": ""必杀、一次扣气、命中或真实能力与恢复"", ""pass"": true}, {""name"": ""倒地、起身、胜负、回合状态清理"", ""pass"": true}]"
roshi,chiaotzu,9,0,"[{""name"": ""初始化、移动、防御与释放"", ""pass"": true}, {""name"": ""近身light真实命中、一次伤害和恢复"", ""pass"": true}, {""name"": ""近身heavy真实命中、一次伤害和恢复"", ""pass"": true}, {""name"": ""射程外、背后、错误高度不命中"", ""pass"": true}, {""name"": ""格挡、空挥和反击窗口"", ""pass"": true}, {""name"": ""投技和拆投"", ""pass"": true}, {""name"": ""特殊技按设计生效并支付资源"", ""pass"": true}, {""name"": ""必杀、一次扣气、命中或真实能力与恢复"", ""pass"": true}, {""name"": ""倒地、起身、胜负、回合状态清理"", ""pass"": true}]"
roshi,oolong,9,0,"[{""name"": ""初始化、移动、防御与释放"", ""pass"": true}, {""name"": ""近身light真实命中、一次伤害和恢复"", ""pass"": true}, {""name"": ""近身heavy真实命中、一次伤害和恢复"", ""pass"": true}, {""name"": ""射程外、背后、错误高度不命中"", ""pass"": true}, {""name"": ""格挡、空挥和反击窗口"", ""pass"": true}, {""name"": ""投技和拆投"", ""pass"": true}, {""name"": ""特殊技按设计生效并支付资源"", ""pass"": true}, {""name"": ""必杀、一次扣气、命中或真实能力与恢复"", ""pass"": true}, {""name"": ""倒地、起身、胜负、回合状态清理"", ""pass"": true}]"
roshi,korin,9,0,"[{""name"": ""初始化、移动、防御与释放"", ""pass"": true}, {""name"": ""近身light真实命中、一次伤害和恢复"", ""pass"": true}, {""name"": ""近身heavy真实命中、一次伤害和恢复"", ""pass"": true}, {""name"": ""射程外、背后、错误高度不命中"", ""pass"": true}, {""name"": ""格挡、空挥和反击窗口"", ""pass"": true}, {""name"": ""投技和拆投"", ""pass"": true}, {""name"": ""特殊技按设计生效并支付资源"", ""pass"": true}, {""name"": ""必杀、一次扣气、命中或真实能力与恢复"", ""pass"": true}, {""name"": ""倒地、起身、胜负、回合状态清理"", ""pass"": true}]"
roshi,pilaf,9,0,"[{""name"": ""初始化、移动、防御与释放"", ""pass"": true}, {""name"": ""近身light真实命中、一次伤害和恢复"", ""pass"": true}, {""name"": ""近身heavy真实命中、一次伤害和恢复"", ""pass"": true}, {""name"": ""射程外、背后、错误高度不命中"", ""pass"": true}, {""name"": ""格挡、空挥和反击窗口"", ""pass"": true}, {""name"": ""投技和拆投"", ""pass"": true}, {""name"": ""特殊技按设计生效并支付资源"", ""pass"": true}, {""name"": ""必杀、一次扣气、命中或真实能力与恢复"", ""pass"": true}, {""name"": ""倒地、起身、胜负、回合状态清理"", ""pass"": true}]"
taopaipai,goku,9,0,"[{""name"": ""初始化、移动、防御与释放"", ""pass"": true}, {""name"": ""近身light真实命中、一次伤害和恢复"", ""pass"": true}, {""name"": ""近身heavy真实命中、一次伤害和恢复"", ""pass"": true}, {""name"": ""射程外、背后、错误高度不命中"", ""pass"": true}, {""name"": ""格挡、空挥和反击窗口"", ""pass"": true}, {""name"": ""投技和拆投"", ""pass"": true}, {""name"": ""特殊技按设计生效并支付资源"", ""pass"": true}, {""name"": ""必杀、一次扣气、命中或真实能力与恢复"", ""pass"": true}, {""name"": ""倒地、起身、胜负、回合状态清理"", ""pass"": true}]"
taopaipai,roshi,9,0,"[{""name"": ""初始化、移动、防御与释放"", ""pass"": true}, {""name"": ""近身light真实命中、一次伤害和恢复"", ""pass"": true}, {""name"": ""近身heavy真实命中、一次伤害和恢复"", ""pass"": true}, {""name"": ""射程外、背后、错误高度不命中"", ""pass"": true}, {""name"": ""格挡、空挥和反击窗口"", ""pass"": true}, {""name"": ""投技和拆投"", ""pass"": true}, {""name"": ""特殊技按设计生效并支付资源"", ""pass"": true}, {""name"": ""必杀、一次扣气、命中或真实能力与恢复"", ""pass"": true}, {""name"": ""倒地、起身、胜负、回合状态清理"", ""pass"": true}]"
taopaipai,taopaipai,9,0,"[{""name"": ""初始化、移动、防御与释放"", ""pass"": true}, {""name"": ""近身light真实命中、一次伤害和恢复"", ""pass"": true}, {""name"": ""近身heavy真实命中、一次伤害和恢复"", ""pass"": true}, {""name"": ""射程外、背后、错误高度不命中"", ""pass"": true}, {""name"": ""格挡、空挥和反击窗口"", ""pass"": true}, {""name"": ""投技和拆投"", ""pass"": true}, {""name"": ""特殊技按设计生效并支付资源"", ""pass"": true}, {""name"": ""必杀、一次扣气、命中或真实能力与恢复"", ""pass"": true}, {""name"": ""倒地、起身、胜负、回合状态清理"", ""pass"": true}]"
taopaipai,piccolo,9,0,"[{""name"": ""初始化、移动、防御与释放"", ""pass"": true}, {""name"": ""近身light真实命中、一次伤害和恢复"", ""pass"": true}, {""name"": ""近身heavy真实命中、一次伤害和恢复"", ""pass"": true}, {""name"": ""射程外、背后、错误高度不命中"", ""pass"": true}, {""name"": ""格挡、空挥和反击窗口"", ""pass"": true}, {""name"": ""投技和拆投"", ""pass"": true}, {""name"": ""特殊技按设计生效并支付资源"", ""pass"": true}, {""name"": ""必杀、一次扣气、命中或真实能力与恢复"", ""pass"": true}, {""name"": ""倒地、起身、胜负、回合状态清理"", ""pass"": true}]"
taopaipai,tien,9,0,"[{""name"": ""初始化、移动、防御与释放"", ""pass"": true}, {""name"": ""近身light真实命中、一次伤害和恢复"", ""pass"": true}, {""name"": ""近身heavy真实命中、一次伤害和恢复"", ""pass"": true}, {""name"": ""射程外、背后、错误高度不命中"", ""pass"": true}, {""name"": ""格挡、空挥和反击窗口"", ""pass"": true}, {""name"": ""投技和拆投"", ""pass"": true}, {""name"": ""特殊技按设计生效并支付资源"", ""pass"": true}, {""name"": ""必杀、一次扣气、命中或真实能力与恢复"", ""pass"": true}, {""name"": ""倒地、起身、胜负、回合状态清理"", ""pass"": true}]"
taopaipai,krillin,9,0,"[{""name"": ""初始化、移动、防御与释放"", ""pass"": true}, {""name"": ""近身light真实命中、一次伤害和恢复"", ""pass"": true}, {""name"": ""近身heavy真实命中、一次伤害和恢复"", ""pass"": true}, {""name"": ""射程外、背后、错误高度不命中"", ""pass"": true}, {""name"": ""格挡、空挥和反击窗口"", ""pass"": true}, {""name"": ""投技和拆投"", ""pass"": true}, {""name"": ""特殊技按设计生效并支付资源"", ""pass"": true}, {""name"": ""必杀、一次扣气、命中或真实能力与恢复"", ""pass"": true}, {""name"": ""倒地、起身、胜负、回合状态清理"", ""pass"": true}]"
taopaipai,yamcha,9,0,"[{""name"": ""初始化、移动、防御与释放"", ""pass"": true}, {""name"": ""近身light真实命中、一次伤害和恢复"", ""pass"": true}, {""name"": ""近身heavy真实命中、一次伤害和恢复"", ""pass"": true}, {""name"": ""射程外、背后、错误高度不命中"", ""pass"": true}, {""name"": ""格挡、空挥和反击窗口"", ""pass"": true}, {""name"": ""投技和拆投"", ""pass"": true}, {""name"": ""特殊技按设计生效并支付资源"", ""pass"": true}, {""name"": ""必杀、一次扣气、命中或真实能力与恢复"", ""pass"": true}, {""name"": ""倒地、起身、胜负、回合状态清理"", ""pass"": true}]"
taopaipai,gyumao,9,0,"[{""name"": ""初始化、移动、防御与释放"", ""pass"": true}, {""name"": ""近身light真实命中、一次伤害和恢复"", ""pass"": true}, {""name"": ""近身heavy真实命中、一次伤害和恢复"", ""pass"": true}, {""name"": ""射程外、背后、错误高度不命中"", ""pass"": true}, {""name"": ""格挡、空挥和反击窗口"", ""pass"": true}, {""name"": ""投技和拆投"", ""pass"": true}, {""name"": ""特殊技按设计生效并支付资源"", ""pass"": true}, {""name"": ""必杀、一次扣气、命中或真实能力与恢复"", ""pass"": true}, {""name"": ""倒地、起身、胜负、回合状态清理"", ""pass"": true}]"
taopaipai,chichi,9,0,"[{""name"": ""初始化、移动、防御与释放"", ""pass"": true}, {""name"": ""近身light真实命中、一次伤害和恢复"", ""pass"": true}, {""name"": ""近身heavy真实命中、一次伤害和恢复"", ""pass"": true}, {""name"": ""射程外、背后、错误高度不命中"", ""pass"": true}, {""name"": ""格挡、空挥和反击窗口"", ""pass"": true}, {""name"": ""投技和拆投"", ""pass"": true}, {""name"": ""特殊技按设计生效并支付资源"", ""pass"": true}, {""name"": ""必杀、一次扣气、命中或真实能力与恢复"", ""pass"": true}, {""name"": ""倒地、起身、胜负、回合状态清理"", ""pass"": true}]"
taopaipai,bulma,9,0,"[{""name"": ""初始化、移动、防御与释放"", ""pass"": true}, {""name"": ""近身light真实命中、一次伤害和恢复"", ""pass"": true}, {""name"": ""近身heavy真实命中、一次伤害和恢复"", ""pass"": true}, {""name"": ""射程外、背后、错误高度不命中"", ""pass"": true}, {""name"": ""格挡、空挥和反击窗口"", ""pass"": true}, {""name"": ""投技和拆投"", ""pass"": true}, {""name"": ""特殊技按设计生效并支付资源"", ""pass"": true}, {""name"": ""必杀、一次扣气、命中或真实能力与恢复"", ""pass"": true}, {""name"": ""倒地、起身、胜负、回合状态清理"", ""pass"": true}]"
taopaipai,chiaotzu,9,0,"[{""name"": ""初始化、移动、防御与释放"", ""pass"": true}, {""name"": ""近身light真实命中、一次伤害和恢复"", ""pass"": true}, {""name"": ""近身heavy真实命中、一次伤害和恢复"", ""pass"": true}, {""name"": ""射程外、背后、错误高度不命中"", ""pass"": true}, {""name"": ""格挡、空挥和反击窗口"", ""pass"": true}, {""name"": ""投技和拆投"", ""pass"": true}, {""name"": ""特殊技按设计生效并支付资源"", ""pass"": true}, {""name"": ""必杀、一次扣气、命中或真实能力与恢复"", ""pass"": true}, {""name"": ""倒地、起身、胜负、回合状态清理"", ""pass"": true}]"
taopaipai,oolong,9,0,"[{""name"": ""初始化、移动、防御与释放"", ""pass"": true}, {""name"": ""近身light真实命中、一次伤害和恢复"", ""pass"": true}, {""name"": ""近身heavy真实命中、一次伤害和恢复"", ""pass"": true}, {""name"": ""射程外、背后、错误高度不命中"", ""pass"": true}, {""name"": ""格挡、空挥和反击窗口"", ""pass"": true}, {""name"": ""投技和拆投"", ""pass"": true}, {""name"": ""特殊技按设计生效并支付资源"", ""pass"": true}, {""name"": ""必杀、一次扣气、命中或真实能力与恢复"", ""pass"": true}, {""name"": ""倒地、起身、胜负、回合状态清理"", ""pass"": true}]"
taopaipai,korin,9,0,"[{""name"": ""初始化、移动、防御与释放"", ""pass"": true}, {""name"": ""近身light真实命中、一次伤害和恢复"", ""pass"": true}, {""name"": ""近身heavy真实命中、一次伤害和恢复"", ""pass"": true}, {""name"": ""射程外、背后、错误高度不命中"", ""pass"": true}, {""name"": ""格挡、空挥和反击窗口"", ""pass"": true}, {""name"": ""投技和拆投"", ""pass"": true}, {""name"": ""特殊技按设计生效并支付资源"", ""pass"": true}, {""name"": ""必杀、一次扣气、命中或真实能力与恢复"", ""pass"": true}, {""name"": ""倒地、起身、胜负、回合状态清理"", ""pass"": true}]"
taopaipai,pilaf,9,0,"[{""name"": ""初始化、移动、防御与释放"", ""pass"": true}, {""name"": ""近身light真实命中、一次伤害和恢复"", ""pass"": true}, {""name"": ""近身heavy真实命中、一次伤害和恢复"", ""pass"": true}, {""name"": ""射程外、背后、错误高度不命中"", ""pass"": true}, {""name"": ""格挡、空挥和反击窗口"", ""pass"": true}, {""name"": ""投技和拆投"", ""pass"": true}, {""name"": ""特殊技按设计生效并支付资源"", ""pass"": true}, {""name"": ""必杀、一次扣气、命中或真实能力与恢复"", ""pass"": true}, {""name"": ""倒地、起身、胜负、回合状态清理"", ""pass"": true}]"
piccolo,goku,9,0,"[{""name"": ""初始化、移动、防御与释放"", ""pass"": true}, {""name"": ""近身light真实命中、一次伤害和恢复"", ""pass"": true}, {""name"": ""近身heavy真实命中、一次伤害和恢复"", ""pass"": true}, {""name"": ""射程外、背后、错误高度不命中"", ""pass"": true}, {""name"": ""格挡、空挥和反击窗口"", ""pass"": true}, {""name"": ""投技和拆投"", ""pass"": true}, {""name"": ""特殊技按设计生效并支付资源"", ""pass"": true}, {""name"": ""必杀、一次扣气、命中或真实能力与恢复"", ""pass"": true}, {""name"": ""倒地、起身、胜负、回合状态清理"", ""pass"": true}]"
piccolo,roshi,9,0,"[{""name"": ""初始化、移动、防御与释放"", ""pass"": true}, {""name"": ""近身light真实命中、一次伤害和恢复"", ""pass"": true}, {""name"": ""近身heavy真实命中、一次伤害和恢复"", ""pass"": true}, {""name"": ""射程外、背后、错误高度不命中"", ""pass"": true}, {""name"": ""格挡、空挥和反击窗口"", ""pass"": true}, {""name"": ""投技和拆投"", ""pass"": true}, {""name"": ""特殊技按设计生效并支付资源"", ""pass"": true}, {""name"": ""必杀、一次扣气、命中或真实能力与恢复"", ""pass"": true}, {""name"": ""倒地、起身、胜负、回合状态清理"", ""pass"": true}]"
piccolo,taopaipai,9,0,"[{""name"": ""初始化、移动、防御与释放"", ""pass"": true}, {""name"": ""近身light真实命中、一次伤害和恢复"", ""pass"": true}, {""name"": ""近身heavy真实命中、一次伤害和恢复"", ""pass"": true}, {""name"": ""射程外、背后、错误高度不命中"", ""pass"": true}, {""name"": ""格挡、空挥和反击窗口"", ""pass"": true}, {""name"": ""投技和拆投"", ""pass"": true}, {""name"": ""特殊技按设计生效并支付资源"", ""pass"": true}, {""name"": ""必杀、一次扣气、命中或真实能力与恢复"", ""pass"": true}, {""name"": ""倒地、起身、胜负、回合状态清理"", ""pass"": true}]"
piccolo,piccolo,9,0,"[{""name"": ""初始化、移动、防御与释放"", ""pass"": true}, {""name"": ""近身light真实命中、一次伤害和恢复"", ""pass"": true}, {""name"": ""近身heavy真实命中、一次伤害和恢复"", ""pass"": true}, {""name"": ""射程外、背后、错误高度不命中"", ""pass"": true}, {""name"": ""格挡、空挥和反击窗口"", ""pass"": true}, {""name"": ""投技和拆投"", ""pass"": true}, {""name"": ""特殊技按设计生效并支付资源"", ""pass"": true}, {""name"": ""必杀、一次扣气、命中或真实能力与恢复"", ""pass"": true}, {""name"": ""倒地、起身、胜负、回合状态清理"", ""pass"": true}]"
piccolo,tien,9,0,"[{""name"": ""初始化、移动、防御与释放"", ""pass"": true}, {""name"": ""近身light真实命中、一次伤害和恢复"", ""pass"": true}, {""name"": ""近身heavy真实命中、一次伤害和恢复"", ""pass"": true}, {""name"": ""射程外、背后、错误高度不命中"", ""pass"": true}, {""name"": ""格挡、空挥和反击窗口"", ""pass"": true}, {""name"": ""投技和拆投"", ""pass"": true}, {""name"": ""特殊技按设计生效并支付资源"", ""pass"": true}, {""name"": ""必杀、一次扣气、命中或真实能力与恢复"", ""pass"": true}, {""name"": ""倒地、起身、胜负、回合状态清理"", ""pass"": true}]"
piccolo,krillin,9,0,"[{""name"": ""初始化、移动、防御与释放"", ""pass"": true}, {""name"": ""近身light真实命中、一次伤害和恢复"", ""pass"": true}, {""name"": ""近身heavy真实命中、一次伤害和恢复"", ""pass"": true}, {""name"": ""射程外、背后、错误高度不命中"", ""pass"": true}, {""name"": ""格挡、空挥和反击窗口"", ""pass"": true}, {""name"": ""投技和拆投"", ""pass"": true}, {""name"": ""特殊技按设计生效并支付资源"", ""pass"": true}, {""name"": ""必杀、一次扣气、命中或真实能力与恢复"", ""pass"": true}, {""name"": ""倒地、起身、胜负、回合状态清理"", ""pass"": true}]"
piccolo,yamcha,9,0,"[{""name"": ""初始化、移动、防御与释放"", ""pass"": true}, {""name"": ""近身light真实命中、一次伤害和恢复"", ""pass"": true}, {""name"": ""近身heavy真实命中、一次伤害和恢复"", ""pass"": true}, {""name"": ""射程外、背后、错误高度不命中"", ""pass"": true}, {""name"": ""格挡、空挥和反击窗口"", ""pass"": true}, {""name"": ""投技和拆投"", ""pass"": true}, {""name"": ""特殊技按设计生效并支付资源"", ""pass"": true}, {""name"": ""必杀、一次扣气、命中或真实能力与恢复"", ""pass"": true}, {""name"": ""倒地、起身、胜负、回合状态清理"", ""pass"": true}]"
piccolo,gyumao,9,0,"[{""name"": ""初始化、移动、防御与释放"", ""pass"": true}, {""name"": ""近身light真实命中、一次伤害和恢复"", ""pass"": true}, {""name"": ""近身heavy真实命中、一次伤害和恢复"", ""pass"": true}, {""name"": ""射程外、背后、错误高度不命中"", ""pass"": true}, {""name"": ""格挡、空挥和反击窗口"", ""pass"": true}, {""name"": ""投技和拆投"", ""pass"": true}, {""name"": ""特殊技按设计生效并支付资源"", ""pass"": true}, {""name"": ""必杀、一次扣气、命中或真实能力与恢复"", ""pass"": true}, {""name"": ""倒地、起身、胜负、回合状态清理"", ""pass"": true}]"
piccolo,chichi,9,0,"[{""name"": ""初始化、移动、防御与释放"", ""pass"": true}, {""name"": ""近身light真实命中、一次伤害和恢复"", ""pass"": true}, {""name"": ""近身heavy真实命中、一次伤害和恢复"", ""pass"": true}, {""name"": ""射程外、背后、错误高度不命中"", ""pass"": true}, {""name"": ""格挡、空挥和反击窗口"", ""pass"": true}, {""name"": ""投技和拆投"", ""pass"": true}, {""name"": ""特殊技按设计生效并支付资源"", ""pass"": true}, {""name"": ""必杀、一次扣气、命中或真实能力与恢复"", ""pass"": true}, {""name"": ""倒地、起身、胜负、回合状态清理"", ""pass"": true}]"
piccolo,bulma,9,0,"[{""name"": ""初始化、移动、防御与释放"", ""pass"": true}, {""name"": ""近身light真实命中、一次伤害和恢复"", ""pass"": true}, {""name"": ""近身heavy真实命中、一次伤害和恢复"", ""pass"": true}, {""name"": ""射程外、背后、错误高度不命中"", ""pass"": true}, {""name"": ""格挡、空挥和反击窗口"", ""pass"": true}, {""name"": ""投技和拆投"", ""pass"": true}, {""name"": ""特殊技按设计生效并支付资源"", ""pass"": true}, {""name"": ""必杀、一次扣气、命中或真实能力与恢复"", ""pass"": true}, {""name"": ""倒地、起身、胜负、回合状态清理"", ""pass"": true}]"
piccolo,chiaotzu,9,0,"[{""name"": ""初始化、移动、防御与释放"", ""pass"": true}, {""name"": ""近身light真实命中、一次伤害和恢复"", ""pass"": true}, {""name"": ""近身heavy真实命中、一次伤害和恢复"", ""pass"": true}, {""name"": ""射程外、背后、错误高度不命中"", ""pass"": true}, {""name"": ""格挡、空挥和反击窗口"", ""pass"": true}, {""name"": ""投技和拆投"", ""pass"": true}, {""name"": ""特殊技按设计生效并支付资源"", ""pass"": true}, {""name"": ""必杀、一次扣气、命中或真实能力与恢复"", ""pass"": true}, {""name"": ""倒地、起身、胜负、回合状态清理"", ""pass"": true}]"
piccolo,oolong,9,0,"[{""name"": ""初始化、移动、防御与释放"", ""pass"": true}, {""name"": ""近身light真实命中、一次伤害和恢复"", ""pass"": true}, {""name"": ""近身heavy真实命中、一次伤害和恢复"", ""pass"": true}, {""name"": ""射程外、背后、错误高度不命中"", ""pass"": true}, {""name"": ""格挡、空挥和反击窗口"", ""pass"": true}, {""name"": ""投技和拆投"", ""pass"": true}, {""name"": ""特殊技按设计生效并支付资源"", ""pass"": true}, {""name"": ""必杀、一次扣气、命中或真实能力与恢复"", ""pass"": true}, {""name"": ""倒地、起身、胜负、回合状态清理"", ""pass"": true}]"
piccolo,korin,9,0,"[{""name"": ""初始化、移动、防御与释放"", ""pass"": true}, {""name"": ""近身light真实命中、一次伤害和恢复"", ""pass"": true}, {""name"": ""近身heavy真实命中、一次伤害和恢复"", ""pass"": true}, {""name"": ""射程外、背后、错误高度不命中"", ""pass"": true}, {""name"": ""格挡、空挥和反击窗口"", ""pass"": true}, {""name"": ""投技和拆投"", ""pass"": true}, {""name"": ""特殊技按设计生效并支付资源"", ""pass"": true}, {""name"": ""必杀、一次扣气、命中或真实能力与恢复"", ""pass"": true}, {""name"": ""倒地、起身、胜负、回合状态清理"", ""pass"": true}]"
piccolo,pilaf,9,0,"[{""name"": ""初始化、移动、防御与释放"", ""pass"": true}, {""name"": ""近身light真实命中、一次伤害和恢复"", ""pass"": true}, {""name"": ""近身heavy真实命中、一次伤害和恢复"", ""pass"": true}, {""name"": ""射程外、背后、错误高度不命中"", ""pass"": true}, {""name"": ""格挡、空挥和反击窗口"", ""pass"": true}, {""name"": ""投技和拆投"", ""pass"": true}, {""name"": ""特殊技按设计生效并支付资源"", ""pass"": true}, {""name"": ""必杀、一次扣气、命中或真实能力与恢复"", ""pass"": true}, {""name"": ""倒地、起身、胜负、回合状态清理"", ""pass"": true}]"
tien,goku,9,0,"[{""name"": ""初始化、移动、防御与释放"", ""pass"": true}, {""name"": ""近身light真实命中、一次伤害和恢复"", ""pass"": true}, {""name"": ""近身heavy真实命中、一次伤害和恢复"", ""pass"": true}, {""name"": ""射程外、背后、错误高度不命中"", ""pass"": true}, {""name"": ""格挡、空挥和反击窗口"", ""pass"": true}, {""name"": ""投技和拆投"", ""pass"": true}, {""name"": ""特殊技按设计生效并支付资源"", ""pass"": true}, {""name"": ""必杀、一次扣气、命中或真实能力与恢复"", ""pass"": true}, {""name"": ""倒地、起身、胜负、回合状态清理"", ""pass"": true}]"
tien,roshi,9,0,"[{""name"": ""初始化、移动、防御与释放"", ""pass"": true}, {""name"": ""近身light真实命中、一次伤害和恢复"", ""pass"": true}, {""name"": ""近身heavy真实命中、一次伤害和恢复"", ""pass"": true}, {""name"": ""射程外、背后、错误高度不命中"", ""pass"": true}, {""name"": ""格挡、空挥和反击窗口"", ""pass"": true}, {""name"": ""投技和拆投"", ""pass"": true}, {""name"": ""特殊技按设计生效并支付资源"", ""pass"": true}, {""name"": ""必杀、一次扣气、命中或真实能力与恢复"", ""pass"": true}, {""name"": ""倒地、起身、胜负、回合状态清理"", ""pass"": true}]"
tien,taopaipai,9,0,"[{""name"": ""初始化、移动、防御与释放"", ""pass"": true}, {""name"": ""近身light真实命中、一次伤害和恢复"", ""pass"": true}, {""name"": ""近身heavy真实命中、一次伤害和恢复"", ""pass"": true}, {""name"": ""射程外、背后、错误高度不命中"", ""pass"": true}, {""name"": ""格挡、空挥和反击窗口"", ""pass"": true}, {""name"": ""投技和拆投"", ""pass"": true}, {""name"": ""特殊技按设计生效并支付资源"", ""pass"": true}, {""name"": ""必杀、一次扣气、命中或真实能力与恢复"", ""pass"": true}, {""name"": ""倒地、起身、胜负、回合状态清理"", ""pass"": true}]"
tien,piccolo,9,0,"[{""name"": ""初始化、移动、防御与释放"", ""pass"": true}, {""name"": ""近身light真实命中、一次伤害和恢复"", ""pass"": true}, {""name"": ""近身heavy真实命中、一次伤害和恢复"", ""pass"": true}, {""name"": ""射程外、背后、错误高度不命中"", ""pass"": true}, {""name"": ""格挡、空挥和反击窗口"", ""pass"": true}, {""name"": ""投技和拆投"", ""pass"": true}, {""name"": ""特殊技按设计生效并支付资源"", ""pass"": true}, {""name"": ""必杀、一次扣气、命中或真实能力与恢复"", ""pass"": true}, {""name"": ""倒地、起身、胜负、回合状态清理"", ""pass"": true}]"
tien,tien,9,0,"[{""name"": ""初始化、移动、防御与释放"", ""pass"": true}, {""name"": ""近身light真实命中、一次伤害和恢复"", ""pass"": true}, {""name"": ""近身heavy真实命中、一次伤害和恢复"", ""pass"": true}, {""name"": ""射程外、背后、错误高度不命中"", ""pass"": true}, {""name"": ""格挡、空挥和反击窗口"", ""pass"": true}, {""name"": ""投技和拆投"", ""pass"": true}, {""name"": ""特殊技按设计生效并支付资源"", ""pass"": true}, {""name"": ""必杀、一次扣气、命中或真实能力与恢复"", ""pass"": true}, {""name"": ""倒地、起身、胜负、回合状态清理"", ""pass"": true}]"
tien,krillin,9,0,"[{""name"": ""初始化、移动、防御与释放"", ""pass"": true}, {""name"": ""近身light真实命中、一次伤害和恢复"", ""pass"": true}, {""name"": ""近身heavy真实命中、一次伤害和恢复"", ""pass"": true}, {""name"": ""射程外、背后、错误高度不命中"", ""pass"": true}, {""name"": ""格挡、空挥和反击窗口"", ""pass"": true}, {""name"": ""投技和拆投"", ""pass"": true}, {""name"": ""特殊技按设计生效并支付资源"", ""pass"": true}, {""name"": ""必杀、一次扣气、命中或真实能力与恢复"", ""pass"": true}, {""name"": ""倒地、起身、胜负、回合状态清理"", ""pass"": true}]"
tien,yamcha,9,0,"[{""name"": ""初始化、移动、防御与释放"", ""pass"": true}, {""name"": ""近身light真实命中、一次伤害和恢复"", ""pass"": true}, {""name"": ""近身heavy真实命中、一次伤害和恢复"", ""pass"": true}, {""name"": ""射程外、背后、错误高度不命中"", ""pass"": true}, {""name"": ""格挡、空挥和反击窗口"", ""pass"": true}, {""name"": ""投技和拆投"", ""pass"": true}, {""name"": ""特殊技按设计生效并支付资源"", ""pass"": true}, {""name"": ""必杀、一次扣气、命中或真实能力与恢复"", ""pass"": true}, {""name"": ""倒地、起身、胜负、回合状态清理"", ""pass"": true}]"
tien,gyumao,9,0,"[{""name"": ""初始化、移动、防御与释放"", ""pass"": true}, {""name"": ""近身light真实命中、一次伤害和恢复"", ""pass"": true}, {""name"": ""近身heavy真实命中、一次伤害和恢复"", ""pass"": true}, {""name"": ""射程外、背后、错误高度不命中"", ""pass"": true}, {""name"": ""格挡、空挥和反击窗口"", ""pass"": true}, {""name"": ""投技和拆投"", ""pass"": true}, {""name"": ""特殊技按设计生效并支付资源"", ""pass"": true}, {""name"": ""必杀、一次扣气、命中或真实能力与恢复"", ""pass"": true}, {""name"": ""倒地、起身、胜负、回合状态清理"", ""pass"": true}]"
tien,chichi,9,0,"[{""name"": ""初始化、移动、防御与释放"", ""pass"": true}, {""name"": ""近身light真实命中、一次伤害和恢复"", ""pass"": true}, {""name"": ""近身heavy真实命中、一次伤害和恢复"", ""pass"": true}, {""name"": ""射程外、背后、错误高度不命中"", ""pass"": true}, {""name"": ""格挡、空挥和反击窗口"", ""pass"": true}, {""name"": ""投技和拆投"", ""pass"": true}, {""name"": ""特殊技按设计生效并支付资源"", ""pass"": true}, {""name"": ""必杀、一次扣气、命中或真实能力与恢复"", ""pass"": true}, {""name"": ""倒地、起身、胜负、回合状态清理"", ""pass"": true}]"
tien,bulma,9,0,"[{""name"": ""初始化、移动、防御与释放"", ""pass"": true}, {""name"": ""近身light真实命中、一次伤害和恢复"", ""pass"": true}, {""name"": ""近身heavy真实命中、一次伤害和恢复"", ""pass"": true}, {""name"": ""射程外、背后、错误高度不命中"", ""pass"": true}, {""name"": ""格挡、空挥和反击窗口"", ""pass"": true}, {""name"": ""投技和拆投"", ""pass"": true}, {""name"": ""特殊技按设计生效并支付资源"", ""pass"": true}, {""name"": ""必杀、一次扣气、命中或真实能力与恢复"", ""pass"": true}, {""name"": ""倒地、起身、胜负、回合状态清理"", ""pass"": true}]"
tien,chiaotzu,9,0,"[{""name"": ""初始化、移动、防御与释放"", ""pass"": true}, {""name"": ""近身light真实命中、一次伤害和恢复"", ""pass"": true}, {""name"": ""近身heavy真实命中、一次伤害和恢复"", ""pass"": true}, {""name"": ""射程外、背后、错误高度不命中"", ""pass"": true}, {""name"": ""格挡、空挥和反击窗口"", ""pass"": true}, {""name"": ""投技和拆投"", ""pass"": true}, {""name"": ""特殊技按设计生效并支付资源"", ""pass"": true}, {""name"": ""必杀、一次扣气、命中或真实能力与恢复"", ""pass"": true}, {""name"": ""倒地、起身、胜负、回合状态清理"", ""pass"": true}]"
tien,oolong,9,0,"[{""name"": ""初始化、移动、防御与释放"", ""pass"": true}, {""name"": ""近身light真实命中、一次伤害和恢复"", ""pass"": true}, {""name"": ""近身heavy真实命中、一次伤害和恢复"", ""pass"": true}, {""name"": ""射程外、背后、错误高度不命中"", ""pass"": true}, {""name"": ""格挡、空挥和反击窗口"", ""pass"": true}, {""name"": ""投技和拆投"", ""pass"": true}, {""name"": ""特殊技按设计生效并支付资源"", ""pass"": true}, {""name"": ""必杀、一次扣气、命中或真实能力与恢复"", ""pass"": true}, {""name"": ""倒地、起身、胜负、回合状态清理"", ""pass"": true}]"
tien,korin,9,0,"[{""name"": ""初始化、移动、防御与释放"", ""pass"": true}, {""name"": ""近身light真实命中、一次伤害和恢复"", ""pass"": true}, {""name"": ""近身heavy真实命中、一次伤害和恢复"", ""pass"": true}, {""name"": ""射程外、背后、错误高度不命中"", ""pass"": true}, {""name"": ""格挡、空挥和反击窗口"", ""pass"": true}, {""name"": ""投技和拆投"", ""pass"": true}, {""name"": ""特殊技按设计生效并支付资源"", ""pass"": true}, {""name"": ""必杀、一次扣气、命中或真实能力与恢复"", ""pass"": true}, {""name"": ""倒地、起身、胜负、回合状态清理"", ""pass"": true}]"
tien,pilaf,9,0,"[{""name"": ""初始化、移动、防御与释放"", ""pass"": true}, {""name"": ""近身light真实命中、一次伤害和恢复"", ""pass"": true}, {""name"": ""近身heavy真实命中、一次伤害和恢复"", ""pass"": true}, {""name"": ""射程外、背后、错误高度不命中"", ""pass"": true}, {""name"": ""格挡、空挥和反击窗口"", ""pass"": true}, {""name"": ""投技和拆投"", ""pass"": true}, {""name"": ""特殊技按设计生效并支付资源"", ""pass"": true}, {""name"": ""必杀、一次扣气、命中或真实能力与恢复"", ""pass"": true}, {""name"": ""倒地、起身、胜负、回合状态清理"", ""pass"": true}]"
krillin,goku,9,0,"[{""name"": ""初始化、移动、防御与释放"", ""pass"": true}, {""name"": ""近身light真实命中、一次伤害和恢复"", ""pass"": true}, {""name"": ""近身heavy真实命中、一次伤害和恢复"", ""pass"": true}, {""name"": ""射程外、背后、错误高度不命中"", ""pass"": true}, {""name"": ""格挡、空挥和反击窗口"", ""pass"": true}, {""name"": ""投技和拆投"", ""pass"": true}, {""name"": ""特殊技按设计生效并支付资源"", ""pass"": true}, {""name"": ""必杀、一次扣气、命中或真实能力与恢复"", ""pass"": true}, {""name"": ""倒地、起身、胜负、回合状态清理"", ""pass"": true}]"
krillin,roshi,9,0,"[{""name"": ""初始化、移动、防御与释放"", ""pass"": true}, {""name"": ""近身light真实命中、一次伤害和恢复"", ""pass"": true}, {""name"": ""近身heavy真实命中、一次伤害和恢复"", ""pass"": true}, {""name"": ""射程外、背后、错误高度不命中"", ""pass"": true}, {""name"": ""格挡、空挥和反击窗口"", ""pass"": true}, {""name"": ""投技和拆投"", ""pass"": true}, {""name"": ""特殊技按设计生效并支付资源"", ""pass"": true}, {""name"": ""必杀、一次扣气、命中或真实能力与恢复"", ""pass"": true}, {""name"": ""倒地、起身、胜负、回合状态清理"", ""pass"": true}]"
krillin,taopaipai,9,0,"[{""name"": ""初始化、移动、防御与释放"", ""pass"": true}, {""name"": ""近身light真实命中、一次伤害和恢复"", ""pass"": true}, {""name"": ""近身heavy真实命中、一次伤害和恢复"", ""pass"": true}, {""name"": ""射程外、背后、错误高度不命中"", ""pass"": true}, {""name"": ""格挡、空挥和反击窗口"", ""pass"": true}, {""name"": ""投技和拆投"", ""pass"": true}, {""name"": ""特殊技按设计生效并支付资源"", ""pass"": true}, {""name"": ""必杀、一次扣气、命中或真实能力与恢复"", ""pass"": true}, {""name"": ""倒地、起身、胜负、回合状态清理"", ""pass"": true}]"
krillin,piccolo,9,0,"[{""name"": ""初始化、移动、防御与释放"", ""pass"": true}, {""name"": ""近身light真实命中、一次伤害和恢复"", ""pass"": true}, {""name"": ""近身heavy真实命中、一次伤害和恢复"", ""pass"": true}, {""name"": ""射程外、背后、错误高度不命中"", ""pass"": true}, {""name"": ""格挡、空挥和反击窗口"", ""pass"": true}, {""name"": ""投技和拆投"", ""pass"": true}, {""name"": ""特殊技按设计生效并支付资源"", ""pass"": true}, {""name"": ""必杀、一次扣气、命中或真实能力与恢复"", ""pass"": true}, {""name"": ""倒地、起身、胜负、回合状态清理"", ""pass"": true}]"
krillin,tien,9,0,"[{""name"": ""初始化、移动、防御与释放"", ""pass"": true}, {""name"": ""近身light真实命中、一次伤害和恢复"", ""pass"": true}, {""name"": ""近身heavy真实命中、一次伤害和恢复"", ""pass"": true}, {""name"": ""射程外、背后、错误高度不命中"", ""pass"": true}, {""name"": ""格挡、空挥和反击窗口"", ""pass"": true}, {""name"": ""投技和拆投"", ""pass"": true}, {""name"": ""特殊技按设计生效并支付资源"", ""pass"": true}, {""name"": ""必杀、一次扣气、命中或真实能力与恢复"", ""pass"": true}, {""name"": ""倒地、起身、胜负、回合状态清理"", ""pass"": true}]"
krillin,krillin,9,0,"[{""name"": ""初始化、移动、防御与释放"", ""pass"": true}, {""name"": ""近身light真实命中、一次伤害和恢复"", ""pass"": true}, {""name"": ""近身heavy真实命中、一次伤害和恢复"", ""pass"": true}, {""name"": ""射程外、背后、错误高度不命中"", ""pass"": true}, {""name"": ""格挡、空挥和反击窗口"", ""pass"": true}, {""name"": ""投技和拆投"", ""pass"": true}, {""name"": ""特殊技按设计生效并支付资源"", ""pass"": true}, {""name"": ""必杀、一次扣气、命中或真实能力与恢复"", ""pass"": true}, {""name"": ""倒地、起身、胜负、回合状态清理"", ""pass"": true}]"
krillin,yamcha,9,0,"[{""name"": ""初始化、移动、防御与释放"", ""pass"": true}, {""name"": ""近身light真实命中、一次伤害和恢复"", ""pass"": true}, {""name"": ""近身heavy真实命中、一次伤害和恢复"", ""pass"": true}, {""name"": ""射程外、背后、错误高度不命中"", ""pass"": true}, {""name"": ""格挡、空挥和反击窗口"", ""pass"": true}, {""name"": ""投技和拆投"", ""pass"": true}, {""name"": ""特殊技按设计生效并支付资源"", ""pass"": true}, {""name"": ""必杀、一次扣气、命中或真实能力与恢复"", ""pass"": true}, {""name"": ""倒地、起身、胜负、回合状态清理"", ""pass"": true}]"
krillin,gyumao,9,0,"[{""name"": ""初始化、移动、防御与释放"", ""pass"": true}, {""name"": ""近身light真实命中、一次伤害和恢复"", ""pass"": true}, {""name"": ""近身heavy真实命中、一次伤害和恢复"", ""pass"": true}, {""name"": ""射程外、背后、错误高度不命中"", ""pass"": true}, {""name"": ""格挡、空挥和反击窗口"", ""pass"": true}, {""name"": ""投技和拆投"", ""pass"": true}, {""name"": ""特殊技按设计生效并支付资源"", ""pass"": true}, {""name"": ""必杀、一次扣气、命中或真实能力与恢复"", ""pass"": true}, {""name"": ""倒地、起身、胜负、回合状态清理"", ""pass"": true}]"
krillin,chichi,9,0,"[{""name"": ""初始化、移动、防御与释放"", ""pass"": true}, {""name"": ""近身light真实命中、一次伤害和恢复"", ""pass"": true}, {""name"": ""近身heavy真实命中、一次伤害和恢复"", ""pass"": true}, {""name"": ""射程外、背后、错误高度不命中"", ""pass"": true}, {""name"": ""格挡、空挥和反击窗口"", ""pass"": true}, {""name"": ""投技和拆投"", ""pass"": true}, {""name"": ""特殊技按设计生效并支付资源"", ""pass"": true}, {""name"": ""必杀、一次扣气、命中或真实能力与恢复"", ""pass"": true}, {""name"": ""倒地、起身、胜负、回合状态清理"", ""pass"": true}]"
krillin,bulma,9,0,"[{""name"": ""初始化、移动、防御与释放"", ""pass"": true}, {""name"": ""近身light真实命中、一次伤害和恢复"", ""pass"": true}, {""name"": ""近身heavy真实命中、一次伤害和恢复"", ""pass"": true}, {""name"": ""射程外、背后、错误高度不命中"", ""pass"": true}, {""name"": ""格挡、空挥和反击窗口"", ""pass"": true}, {""name"": ""投技和拆投"", ""pass"": true}, {""name"": ""特殊技按设计生效并支付资源"", ""pass"": true}, {""name"": ""必杀、一次扣气、命中或真实能力与恢复"", ""pass"": true}, {""name"": ""倒地、起身、胜负、回合状态清理"", ""pass"": true}]"
krillin,chiaotzu,9,0,"[{""name"": ""初始化、移动、防御与释放"", ""pass"": true}, {""name"": ""近身light真实命中、一次伤害和恢复"", ""pass"": true}, {""name"": ""近身heavy真实命中、一次伤害和恢复"", ""pass"": true}, {""name"": ""射程外、背后、错误高度不命中"", ""pass"": true}, {""name"": ""格挡、空挥和反击窗口"", ""pass"": true}, {""name"": ""投技和拆投"", ""pass"": true}, {""name"": ""特殊技按设计生效并支付资源"", ""pass"": true}, {""name"": ""必杀、一次扣气、命中或真实能力与恢复"", ""pass"": true}, {""name"": ""倒地、起身、胜负、回合状态清理"", ""pass"": true}]"
krillin,oolong,9,0,"[{""name"": ""初始化、移动、防御与释放"", ""pass"": true}, {""name"": ""近身light真实命中、一次伤害和恢复"", ""pass"": true}, {""name"": ""近身heavy真实命中、一次伤害和恢复"", ""pass"": true}, {""name"": ""射程外、背后、错误高度不命中"", ""pass"": true}, {""name"": ""格挡、空挥和反击窗口"", ""pass"": true}, {""name"": ""投技和拆投"", ""pass"": true}, {""name"": ""特殊技按设计生效并支付资源"", ""pass"": true}, {""name"": ""必杀、一次扣气、命中或真实能力与恢复"", ""pass"": true}, {""name"": ""倒地、起身、胜负、回合状态清理"", ""pass"": true}]"
krillin,korin,9,0,"[{""name"": ""初始化、移动、防御与释放"", ""pass"": true}, {""name"": ""近身light真实命中、一次伤害和恢复"", ""pass"": true}, {""name"": ""近身heavy真实命中、一次伤害和恢复"", ""pass"": true}, {""name"": ""射程外、背后、错误高度不命中"", ""pass"": true}, {""name"": ""格挡、空挥和反击窗口"", ""pass"": true}, {""name"": ""投技和拆投"", ""pass"": true}, {""name"": ""特殊技按设计生效并支付资源"", ""pass"": true}, {""name"": ""必杀、一次扣气、命中或真实能力与恢复"", ""pass"": true}, {""name"": ""倒地、起身、胜负、回合状态清理"", ""pass"": true}]"
krillin,pilaf,9,0,"[{""name"": ""初始化、移动、防御与释放"", ""pass"": true}, {""name"": ""近身light真实命中、一次伤害和恢复"", ""pass"": true}, {""name"": ""近身heavy真实命中、一次伤害和恢复"", ""pass"": true}, {""name"": ""射程外、背后、错误高度不命中"", ""pass"": true}, {""name"": ""格挡、空挥和反击窗口"", ""pass"": true}, {""name"": ""投技和拆投"", ""pass"": true}, {""name"": ""特殊技按设计生效并支付资源"", ""pass"": true}, {""name"": ""必杀、一次扣气、命中或真实能力与恢复"", ""pass"": true}, {""name"": ""倒地、起身、胜负、回合状态清理"", ""pass"": true}]"
yamcha,goku,9,0,"[{""name"": ""初始化、移动、防御与释放"", ""pass"": true}, {""name"": ""近身light真实命中、一次伤害和恢复"", ""pass"": true}, {""name"": ""近身heavy真实命中、一次伤害和恢复"", ""pass"": true}, {""name"": ""射程外、背后、错误高度不命中"", ""pass"": true}, {""name"": ""格挡、空挥和反击窗口"", ""pass"": true}, {""name"": ""投技和拆投"", ""pass"": true}, {""name"": ""特殊技按设计生效并支付资源"", ""pass"": true}, {""name"": ""必杀、一次扣气、命中或真实能力与恢复"", ""pass"": true}, {""name"": ""倒地、起身、胜负、回合状态清理"", ""pass"": true}]"
yamcha,roshi,9,0,"[{""name"": ""初始化、移动、防御与释放"", ""pass"": true}, {""name"": ""近身light真实命中、一次伤害和恢复"", ""pass"": true}, {""name"": ""近身heavy真实命中、一次伤害和恢复"", ""pass"": true}, {""name"": ""射程外、背后、错误高度不命中"", ""pass"": true}, {""name"": ""格挡、空挥和反击窗口"", ""pass"": true}, {""name"": ""投技和拆投"", ""pass"": true}, {""name"": ""特殊技按设计生效并支付资源"", ""pass"": true}, {""name"": ""必杀、一次扣气、命中或真实能力与恢复"", ""pass"": true}, {""name"": ""倒地、起身、胜负、回合状态清理"", ""pass"": true}]"
yamcha,taopaipai,9,0,"[{""name"": ""初始化、移动、防御与释放"", ""pass"": true}, {""name"": ""近身light真实命中、一次伤害和恢复"", ""pass"": true}, {""name"": ""近身heavy真实命中、一次伤害和恢复"", ""pass"": true}, {""name"": ""射程外、背后、错误高度不命中"", ""pass"": true}, {""name"": ""格挡、空挥和反击窗口"", ""pass"": true}, {""name"": ""投技和拆投"", ""pass"": true}, {""name"": ""特殊技按设计生效并支付资源"", ""pass"": true}, {""name"": ""必杀、一次扣气、命中或真实能力与恢复"", ""pass"": true}, {""name"": ""倒地、起身、胜负、回合状态清理"", ""pass"": true}]"
yamcha,piccolo,9,0,"[{""name"": ""初始化、移动、防御与释放"", ""pass"": true}, {""name"": ""近身light真实命中、一次伤害和恢复"", ""pass"": true}, {""name"": ""近身heavy真实命中、一次伤害和恢复"", ""pass"": true}, {""name"": ""射程外、背后、错误高度不命中"", ""pass"": true}, {""name"": ""格挡、空挥和反击窗口"", ""pass"": true}, {""name"": ""投技和拆投"", ""pass"": true}, {""name"": ""特殊技按设计生效并支付资源"", ""pass"": true}, {""name"": ""必杀、一次扣气、命中或真实能力与恢复"", ""pass"": true}, {""name"": ""倒地、起身、胜负、回合状态清理"", ""pass"": true}]"
yamcha,tien,9,0,"[{""name"": ""初始化、移动、防御与释放"", ""pass"": true}, {""name"": ""近身light真实命中、一次伤害和恢复"", ""pass"": true}, {""name"": ""近身heavy真实命中、一次伤害和恢复"", ""pass"": true}, {""name"": ""射程外、背后、错误高度不命中"", ""pass"": true}, {""name"": ""格挡、空挥和反击窗口"", ""pass"": true}, {""name"": ""投技和拆投"", ""pass"": true}, {""name"": ""特殊技按设计生效并支付资源"", ""pass"": true}, {""name"": ""必杀、一次扣气、命中或真实能力与恢复"", ""pass"": true}, {""name"": ""倒地、起身、胜负、回合状态清理"", ""pass"": true}]"
yamcha,krillin,9,0,"[{""name"": ""初始化、移动、防御与释放"", ""pass"": true}, {""name"": ""近身light真实命中、一次伤害和恢复"", ""pass"": true}, {""name"": ""近身heavy真实命中、一次伤害和恢复"", ""pass"": true}, {""name"": ""射程外、背后、错误高度不命中"", ""pass"": true}, {""name"": ""格挡、空挥和反击窗口"", ""pass"": true}, {""name"": ""投技和拆投"", ""pass"": true}, {""name"": ""特殊技按设计生效并支付资源"", ""pass"": true}, {""name"": ""必杀、一次扣气、命中或真实能力与恢复"", ""pass"": true}, {""name"": ""倒地、起身、胜负、回合状态清理"", ""pass"": true}]"
yamcha,yamcha,9,0,"[{""name"": ""初始化、移动、防御与释放"", ""pass"": true}, {""name"": ""近身light真实命中、一次伤害和恢复"", ""pass"": true}, {""name"": ""近身heavy真实命中、一次伤害和恢复"", ""pass"": true}, {""name"": ""射程外、背后、错误高度不命中"", ""pass"": true}, {""name"": ""格挡、空挥和反击窗口"", ""pass"": true}, {""name"": ""投技和拆投"", ""pass"": true}, {""name"": ""特殊技按设计生效并支付资源"", ""pass"": true}, {""name"": ""必杀、一次扣气、命中或真实能力与恢复"", ""pass"": true}, {""name"": ""倒地、起身、胜负、回合状态清理"", ""pass"": true}]"
yamcha,gyumao,9,0,"[{""name"": ""初始化、移动、防御与释放"", ""pass"": true}, {""name"": ""近身light真实命中、一次伤害和恢复"", ""pass"": true}, {""name"": ""近身heavy真实命中、一次伤害和恢复"", ""pass"": true}, {""name"": ""射程外、背后、错误高度不命中"", ""pass"": true}, {""name"": ""格挡、空挥和反击窗口"", ""pass"": true}, {""name"": ""投技和拆投"", ""pass"": true}, {""name"": ""特殊技按设计生效并支付资源"", ""pass"": true}, {""name"": ""必杀、一次扣气、命中或真实能力与恢复"", ""pass"": true}, {""name"": ""倒地、起身、胜负、回合状态清理"", ""pass"": true}]"
yamcha,chichi,9,0,"[{""name"": ""初始化、移动、防御与释放"", ""pass"": true}, {""name"": ""近身light真实命中、一次伤害和恢复"", ""pass"": true}, {""name"": ""近身heavy真实命中、一次伤害和恢复"", ""pass"": true}, {""name"": ""射程外、背后、错误高度不命中"", ""pass"": true}, {""name"": ""格挡、空挥和反击窗口"", ""pass"": true}, {""name"": ""投技和拆投"", ""pass"": true}, {""name"": ""特殊技按设计生效并支付资源"", ""pass"": true}, {""name"": ""必杀、一次扣气、命中或真实能力与恢复"", ""pass"": true}, {""name"": ""倒地、起身、胜负、回合状态清理"", ""pass"": true}]"
yamcha,bulma,9,0,"[{""name"": ""初始化、移动、防御与释放"", ""pass"": true}, {""name"": ""近身light真实命中、一次伤害和恢复"", ""pass"": true}, {""name"": ""近身heavy真实命中、一次伤害和恢复"", ""pass"": true}, {""name"": ""射程外、背后、错误高度不命中"", ""pass"": true}, {""name"": ""格挡、空挥和反击窗口"", ""pass"": true}, {""name"": ""投技和拆投"", ""pass"": true}, {""name"": ""特殊技按设计生效并支付资源"", ""pass"": true}, {""name"": ""必杀、一次扣气、命中或真实能力与恢复"", ""pass"": true}, {""name"": ""倒地、起身、胜负、回合状态清理"", ""pass"": true}]"
yamcha,chiaotzu,9,0,"[{""name"": ""初始化、移动、防御与释放"", ""pass"": true}, {""name"": ""近身light真实命中、一次伤害和恢复"", ""pass"": true}, {""name"": ""近身heavy真实命中、一次伤害和恢复"", ""pass"": true}, {""name"": ""射程外、背后、错误高度不命中"", ""pass"": true}, {""name"": ""格挡、空挥和反击窗口"", ""pass"": true}, {""name"": ""投技和拆投"", ""pass"": true}, {""name"": ""特殊技按设计生效并支付资源"", ""pass"": true}, {""name"": ""必杀、一次扣气、命中或真实能力与恢复"", ""pass"": true}, {""name"": ""倒地、起身、胜负、回合状态清理"", ""pass"": true}]"
yamcha,oolong,9,0,"[{""name"": ""初始化、移动、防御与释放"", ""pass"": true}, {""name"": ""近身light真实命中、一次伤害和恢复"", ""pass"": true}, {""name"": ""近身heavy真实命中、一次伤害和恢复"", ""pass"": true}, {""name"": ""射程外、背后、错误高度不命中"", ""pass"": true}, {""name"": ""格挡、空挥和反击窗口"", ""pass"": true}, {""name"": ""投技和拆投"", ""pass"": true}, {""name"": ""特殊技按设计生效并支付资源"", ""pass"": true}, {""name"": ""必杀、一次扣气、命中或真实能力与恢复"", ""pass"": true}, {""name"": ""倒地、起身、胜负、回合状态清理"", ""pass"": true}]"
yamcha,korin,9,0,"[{""name"": ""初始化、移动、防御与释放"", ""pass"": true}, {""name"": ""近身light真实命中、一次伤害和恢复"", ""pass"": true}, {""name"": ""近身heavy真实命中、一次伤害和恢复"", ""pass"": true}, {""name"": ""射程外、背后、错误高度不命中"", ""pass"": true}, {""name"": ""格挡、空挥和反击窗口"", ""pass"": true}, {""name"": ""投技和拆投"", ""pass"": true}, {""name"": ""特殊技按设计生效并支付资源"", ""pass"": true}, {""name"": ""必杀、一次扣气、命中或真实能力与恢复"", ""pass"": true}, {""name"": ""倒地、起身、胜负、回合状态清理"", ""pass"": true}]"
yamcha,pilaf,9,0,"[{""name"": ""初始化、移动、防御与释放"", ""pass"": true}, {""name"": ""近身light真实命中、一次伤害和恢复"", ""pass"": true}, {""name"": ""近身heavy真实命中、一次伤害和恢复"", ""pass"": true}, {""name"": ""射程外、背后、错误高度不命中"", ""pass"": true}, {""name"": ""格挡、空挥和反击窗口"", ""pass"": true}, {""name"": ""投技和拆投"", ""pass"": true}, {""name"": ""特殊技按设计生效并支付资源"", ""pass"": true}, {""name"": ""必杀、一次扣气、命中或真实能力与恢复"", ""pass"": true}, {""name"": ""倒地、起身、胜负、回合状态清理"", ""pass"": true}]"
gyumao,goku,9,0,"[{""name"": ""初始化、移动、防御与释放"", ""pass"": true}, {""name"": ""近身light真实命中、一次伤害和恢复"", ""pass"": true}, {""name"": ""近身heavy真实命中、一次伤害和恢复"", ""pass"": true}, {""name"": ""射程外、背后、错误高度不命中"", ""pass"": true}, {""name"": ""格挡、空挥和反击窗口"", ""pass"": true}, {""name"": ""投技和拆投"", ""pass"": true}, {""name"": ""特殊技按设计生效并支付资源"", ""pass"": true}, {""name"": ""必杀、一次扣气、命中或真实能力与恢复"", ""pass"": true}, {""name"": ""倒地、起身、胜负、回合状态清理"", ""pass"": true}]"
gyumao,roshi,9,0,"[{""name"": ""初始化、移动、防御与释放"", ""pass"": true}, {""name"": ""近身light真实命中、一次伤害和恢复"", ""pass"": true}, {""name"": ""近身heavy真实命中、一次伤害和恢复"", ""pass"": true}, {""name"": ""射程外、背后、错误高度不命中"", ""pass"": true}, {""name"": ""格挡、空挥和反击窗口"", ""pass"": true}, {""name"": ""投技和拆投"", ""pass"": true}, {""name"": ""特殊技按设计生效并支付资源"", ""pass"": true}, {""name"": ""必杀、一次扣气、命中或真实能力与恢复"", ""pass"": true}, {""name"": ""倒地、起身、胜负、回合状态清理"", ""pass"": true}]"
gyumao,taopaipai,9,0,"[{""name"": ""初始化、移动、防御与释放"", ""pass"": true}, {""name"": ""近身light真实命中、一次伤害和恢复"", ""pass"": true}, {""name"": ""近身heavy真实命中、一次伤害和恢复"", ""pass"": true}, {""name"": ""射程外、背后、错误高度不命中"", ""pass"": true}, {""name"": ""格挡、空挥和反击窗口"", ""pass"": true}, {""name"": ""投技和拆投"", ""pass"": true}, {""name"": ""特殊技按设计生效并支付资源"", ""pass"": true}, {""name"": ""必杀、一次扣气、命中或真实能力与恢复"", ""pass"": true}, {""name"": ""倒地、起身、胜负、回合状态清理"", ""pass"": true}]"
gyumao,piccolo,9,0,"[{""name"": ""初始化、移动、防御与释放"", ""pass"": true}, {""name"": ""近身light真实命中、一次伤害和恢复"", ""pass"": true}, {""name"": ""近身heavy真实命中、一次伤害和恢复"", ""pass"": true}, {""name"": ""射程外、背后、错误高度不命中"", ""pass"": true}, {""name"": ""格挡、空挥和反击窗口"", ""pass"": true}, {""name"": ""投技和拆投"", ""pass"": true}, {""name"": ""特殊技按设计生效并支付资源"", ""pass"": true}, {""name"": ""必杀、一次扣气、命中或真实能力与恢复"", ""pass"": true}, {""name"": ""倒地、起身、胜负、回合状态清理"", ""pass"": true}]"
gyumao,tien,9,0,"[{""name"": ""初始化、移动、防御与释放"", ""pass"": true}, {""name"": ""近身light真实命中、一次伤害和恢复"", ""pass"": true}, {""name"": ""近身heavy真实命中、一次伤害和恢复"", ""pass"": true}, {""name"": ""射程外、背后、错误高度不命中"", ""pass"": true}, {""name"": ""格挡、空挥和反击窗口"", ""pass"": true}, {""name"": ""投技和拆投"", ""pass"": true}, {""name"": ""特殊技按设计生效并支付资源"", ""pass"": true}, {""name"": ""必杀、一次扣气、命中或真实能力与恢复"", ""pass"": true}, {""name"": ""倒地、起身、胜负、回合状态清理"", ""pass"": true}]"
gyumao,krillin,9,0,"[{""name"": ""初始化、移动、防御与释放"", ""pass"": true}, {""name"": ""近身light真实命中、一次伤害和恢复"", ""pass"": true}, {""name"": ""近身heavy真实命中、一次伤害和恢复"", ""pass"": true}, {""name"": ""射程外、背后、错误高度不命中"", ""pass"": true}, {""name"": ""格挡、空挥和反击窗口"", ""pass"": true}, {""name"": ""投技和拆投"", ""pass"": true}, {""name"": ""特殊技按设计生效并支付资源"", ""pass"": true}, {""name"": ""必杀、一次扣气、命中或真实能力与恢复"", ""pass"": true}, {""name"": ""倒地、起身、胜负、回合状态清理"", ""pass"": true}]"
gyumao,yamcha,9,0,"[{""name"": ""初始化、移动、防御与释放"", ""pass"": true}, {""name"": ""近身light真实命中、一次伤害和恢复"", ""pass"": true}, {""name"": ""近身heavy真实命中、一次伤害和恢复"", ""pass"": true}, {""name"": ""射程外、背后、错误高度不命中"", ""pass"": true}, {""name"": ""格挡、空挥和反击窗口"", ""pass"": true}, {""name"": ""投技和拆投"", ""pass"": true}, {""name"": ""特殊技按设计生效并支付资源"", ""pass"": true}, {""name"": ""必杀、一次扣气、命中或真实能力与恢复"", ""pass"": true}, {""name"": ""倒地、起身、胜负、回合状态清理"", ""pass"": true}]"
gyumao,gyumao,9,0,"[{""name"": ""初始化、移动、防御与释放"", ""pass"": true}, {""name"": ""近身light真实命中、一次伤害和恢复"", ""pass"": true}, {""name"": ""近身heavy真实命中、一次伤害和恢复"", ""pass"": true}, {""name"": ""射程外、背后、错误高度不命中"", ""pass"": true}, {""name"": ""格挡、空挥和反击窗口"", ""pass"": true}, {""name"": ""投技和拆投"", ""pass"": true}, {""name"": ""特殊技按设计生效并支付资源"", ""pass"": true}, {""name"": ""必杀、一次扣气、命中或真实能力与恢复"", ""pass"": true}, {""name"": ""倒地、起身、胜负、回合状态清理"", ""pass"": true}]"
gyumao,chichi,9,0,"[{""name"": ""初始化、移动、防御与释放"", ""pass"": true}, {""name"": ""近身light真实命中、一次伤害和恢复"", ""pass"": true}, {""name"": ""近身heavy真实命中、一次伤害和恢复"", ""pass"": true}, {""name"": ""射程外、背后、错误高度不命中"", ""pass"": true}, {""name"": ""格挡、空挥和反击窗口"", ""pass"": true}, {""name"": ""投技和拆投"", ""pass"": true}, {""name"": ""特殊技按设计生效并支付资源"", ""pass"": true}, {""name"": ""必杀、一次扣气、命中或真实能力与恢复"", ""pass"": true}, {""name"": ""倒地、起身、胜负、回合状态清理"", ""pass"": true}]"
gyumao,bulma,9,0,"[{""name"": ""初始化、移动、防御与释放"", ""pass"": true}, {""name"": ""近身light真实命中、一次伤害和恢复"", ""pass"": true}, {""name"": ""近身heavy真实命中、一次伤害和恢复"", ""pass"": true}, {""name"": ""射程外、背后、错误高度不命中"", ""pass"": true}, {""name"": ""格挡、空挥和反击窗口"", ""pass"": true}, {""name"": ""投技和拆投"", ""pass"": true}, {""name"": ""特殊技按设计生效并支付资源"", ""pass"": true}, {""name"": ""必杀、一次扣气、命中或真实能力与恢复"", ""pass"": true}, {""name"": ""倒地、起身、胜负、回合状态清理"", ""pass"": true}]"
gyumao,chiaotzu,9,0,"[{""name"": ""初始化、移动、防御与释放"", ""pass"": true}, {""name"": ""近身light真实命中、一次伤害和恢复"", ""pass"": true}, {""name"": ""近身heavy真实命中、一次伤害和恢复"", ""pass"": true}, {""name"": ""射程外、背后、错误高度不命中"", ""pass"": true}, {""name"": ""格挡、空挥和反击窗口"", ""pass"": true}, {""name"": ""投技和拆投"", ""pass"": true}, {""name"": ""特殊技按设计生效并支付资源"", ""pass"": true}, {""name"": ""必杀、一次扣气、命中或真实能力与恢复"", ""pass"": true}, {""name"": ""倒地、起身、胜负、回合状态清理"", ""pass"": true}]"
gyumao,oolong,9,0,"[{""name"": ""初始化、移动、防御与释放"", ""pass"": true}, {""name"": ""近身light真实命中、一次伤害和恢复"", ""pass"": true}, {""name"": ""近身heavy真实命中、一次伤害和恢复"", ""pass"": true}, {""name"": ""射程外、背后、错误高度不命中"", ""pass"": true}, {""name"": ""格挡、空挥和反击窗口"", ""pass"": true}, {""name"": ""投技和拆投"", ""pass"": true}, {""name"": ""特殊技按设计生效并支付资源"", ""pass"": true}, {""name"": ""必杀、一次扣气、命中或真实能力与恢复"", ""pass"": true}, {""name"": ""倒地、起身、胜负、回合状态清理"", ""pass"": true}]"
gyumao,korin,9,0,"[{""name"": ""初始化、移动、防御与释放"", ""pass"": true}, {""name"": ""近身light真实命中、一次伤害和恢复"", ""pass"": true}, {""name"": ""近身heavy真实命中、一次伤害和恢复"", ""pass"": true}, {""name"": ""射程外、背后、错误高度不命中"", ""pass"": true}, {""name"": ""格挡、空挥和反击窗口"", ""pass"": true}, {""name"": ""投技和拆投"", ""pass"": true}, {""name"": ""特殊技按设计生效并支付资源"", ""pass"": true}, {""name"": ""必杀、一次扣气、命中或真实能力与恢复"", ""pass"": true}, {""name"": ""倒地、起身、胜负、回合状态清理"", ""pass"": true}]"
gyumao,pilaf,9,0,"[{""name"": ""初始化、移动、防御与释放"", ""pass"": true}, {""name"": ""近身light真实命中、一次伤害和恢复"", ""pass"": true}, {""name"": ""近身heavy真实命中、一次伤害和恢复"", ""pass"": true}, {""name"": ""射程外、背后、错误高度不命中"", ""pass"": true}, {""name"": ""格挡、空挥和反击窗口"", ""pass"": true}, {""name"": ""投技和拆投"", ""pass"": true}, {""name"": ""特殊技按设计生效并支付资源"", ""pass"": true}, {""name"": ""必杀、一次扣气、命中或真实能力与恢复"", ""pass"": true}, {""name"": ""倒地、起身、胜负、回合状态清理"", ""pass"": true}]"
chichi,goku,9,0,"[{""name"": ""初始化、移动、防御与释放"", ""pass"": true}, {""name"": ""近身light真实命中、一次伤害和恢复"", ""pass"": true}, {""name"": ""近身heavy真实命中、一次伤害和恢复"", ""pass"": true}, {""name"": ""射程外、背后、错误高度不命中"", ""pass"": true}, {""name"": ""格挡、空挥和反击窗口"", ""pass"": true}, {""name"": ""投技和拆投"", ""pass"": true}, {""name"": ""特殊技按设计生效并支付资源"", ""pass"": true}, {""name"": ""必杀、一次扣气、命中或真实能力与恢复"", ""pass"": true}, {""name"": ""倒地、起身、胜负、回合状态清理"", ""pass"": true}]"
chichi,roshi,9,0,"[{""name"": ""初始化、移动、防御与释放"", ""pass"": true}, {""name"": ""近身light真实命中、一次伤害和恢复"", ""pass"": true}, {""name"": ""近身heavy真实命中、一次伤害和恢复"", ""pass"": true}, {""name"": ""射程外、背后、错误高度不命中"", ""pass"": true}, {""name"": ""格挡、空挥和反击窗口"", ""pass"": true}, {""name"": ""投技和拆投"", ""pass"": true}, {""name"": ""特殊技按设计生效并支付资源"", ""pass"": true}, {""name"": ""必杀、一次扣气、命中或真实能力与恢复"", ""pass"": true}, {""name"": ""倒地、起身、胜负、回合状态清理"", ""pass"": true}]"
chichi,taopaipai,9,0,"[{""name"": ""初始化、移动、防御与释放"", ""pass"": true}, {""name"": ""近身light真实命中、一次伤害和恢复"", ""pass"": true}, {""name"": ""近身heavy真实命中、一次伤害和恢复"", ""pass"": true}, {""name"": ""射程外、背后、错误高度不命中"", ""pass"": true}, {""name"": ""格挡、空挥和反击窗口"", ""pass"": true}, {""name"": ""投技和拆投"", ""pass"": true}, {""name"": ""特殊技按设计生效并支付资源"", ""pass"": true}, {""name"": ""必杀、一次扣气、命中或真实能力与恢复"", ""pass"": true}, {""name"": ""倒地、起身、胜负、回合状态清理"", ""pass"": true}]"
chichi,piccolo,9,0,"[{""name"": ""初始化、移动、防御与释放"", ""pass"": true}, {""name"": ""近身light真实命中、一次伤害和恢复"", ""pass"": true}, {""name"": ""近身heavy真实命中、一次伤害和恢复"", ""pass"": true}, {""name"": ""射程外、背后、错误高度不命中"", ""pass"": true}, {""name"": ""格挡、空挥和反击窗口"", ""pass"": true}, {""name"": ""投技和拆投"", ""pass"": true}, {""name"": ""特殊技按设计生效并支付资源"", ""pass"": true}, {""name"": ""必杀、一次扣气、命中或真实能力与恢复"", ""pass"": true}, {""name"": ""倒地、起身、胜负、回合状态清理"", ""pass"": true}]"
chichi,tien,9,0,"[{""name"": ""初始化、移动、防御与释放"", ""pass"": true}, {""name"": ""近身light真实命中、一次伤害和恢复"", ""pass"": true}, {""name"": ""近身heavy真实命中、一次伤害和恢复"", ""pass"": true}, {""name"": ""射程外、背后、错误高度不命中"", ""pass"": true}, {""name"": ""格挡、空挥和反击窗口"", ""pass"": true}, {""name"": ""投技和拆投"", ""pass"": true}, {""name"": ""特殊技按设计生效并支付资源"", ""pass"": true}, {""name"": ""必杀、一次扣气、命中或真实能力与恢复"", ""pass"": true}, {""name"": ""倒地、起身、胜负、回合状态清理"", ""pass"": true}]"
chichi,krillin,9,0,"[{""name"": ""初始化、移动、防御与释放"", ""pass"": true}, {""name"": ""近身light真实命中、一次伤害和恢复"", ""pass"": true}, {""name"": ""近身heavy真实命中、一次伤害和恢复"", ""pass"": true}, {""name"": ""射程外、背后、错误高度不命中"", ""pass"": true}, {""name"": ""格挡、空挥和反击窗口"", ""pass"": true}, {""name"": ""投技和拆投"", ""pass"": true}, {""name"": ""特殊技按设计生效并支付资源"", ""pass"": true}, {""name"": ""必杀、一次扣气、命中或真实能力与恢复"", ""pass"": true}, {""name"": ""倒地、起身、胜负、回合状态清理"", ""pass"": true}]"
chichi,yamcha,9,0,"[{""name"": ""初始化、移动、防御与释放"", ""pass"": true}, {""name"": ""近身light真实命中、一次伤害和恢复"", ""pass"": true}, {""name"": ""近身heavy真实命中、一次伤害和恢复"", ""pass"": true}, {""name"": ""射程外、背后、错误高度不命中"", ""pass"": true}, {""name"": ""格挡、空挥和反击窗口"", ""pass"": true}, {""name"": ""投技和拆投"", ""pass"": true}, {""name"": ""特殊技按设计生效并支付资源"", ""pass"": true}, {""name"": ""必杀、一次扣气、命中或真实能力与恢复"", ""pass"": true}, {""name"": ""倒地、起身、胜负、回合状态清理"", ""pass"": true}]"
chichi,gyumao,9,0,"[{""name"": ""初始化、移动、防御与释放"", ""pass"": true}, {""name"": ""近身light真实命中、一次伤害和恢复"", ""pass"": true}, {""name"": ""近身heavy真实命中、一次伤害和恢复"", ""pass"": true}, {""name"": ""射程外、背后、错误高度不命中"", ""pass"": true}, {""name"": ""格挡、空挥和反击窗口"", ""pass"": true}, {""name"": ""投技和拆投"", ""pass"": true}, {""name"": ""特殊技按设计生效并支付资源"", ""pass"": true}, {""name"": ""必杀、一次扣气、命中或真实能力与恢复"", ""pass"": true}, {""name"": ""倒地、起身、胜负、回合状态清理"", ""pass"": true}]"
chichi,chichi,9,0,"[{""name"": ""初始化、移动、防御与释放"", ""pass"": true}, {""name"": ""近身light真实命中、一次伤害和恢复"", ""pass"": true}, {""name"": ""近身heavy真实命中、一次伤害和恢复"", ""pass"": true}, {""name"": ""射程外、背后、错误高度不命中"", ""pass"": true}, {""name"": ""格挡、空挥和反击窗口"", ""pass"": true}, {""name"": ""投技和拆投"", ""pass"": true}, {""name"": ""特殊技按设计生效并支付资源"", ""pass"": true}, {""name"": ""必杀、一次扣气、命中或真实能力与恢复"", ""pass"": true}, {""name"": ""倒地、起身、胜负、回合状态清理"", ""pass"": true}]"
chichi,bulma,9,0,"[{""name"": ""初始化、移动、防御与释放"", ""pass"": true}, {""name"": ""近身light真实命中、一次伤害和恢复"", ""pass"": true}, {""name"": ""近身heavy真实命中、一次伤害和恢复"", ""pass"": true}, {""name"": ""射程外、背后、错误高度不命中"", ""pass"": true}, {""name"": ""格挡、空挥和反击窗口"", ""pass"": true}, {""name"": ""投技和拆投"", ""pass"": true}, {""name"": ""特殊技按设计生效并支付资源"", ""pass"": true}, {""name"": ""必杀、一次扣气、命中或真实能力与恢复"", ""pass"": true}, {""name"": ""倒地、起身、胜负、回合状态清理"", ""pass"": true}]"
chichi,chiaotzu,9,0,"[{""name"": ""初始化、移动、防御与释放"", ""pass"": true}, {""name"": ""近身light真实命中、一次伤害和恢复"", ""pass"": true}, {""name"": ""近身heavy真实命中、一次伤害和恢复"", ""pass"": true}, {""name"": ""射程外、背后、错误高度不命中"", ""pass"": true}, {""name"": ""格挡、空挥和反击窗口"", ""pass"": true}, {""name"": ""投技和拆投"", ""pass"": true}, {""name"": ""特殊技按设计生效并支付资源"", ""pass"": true}, {""name"": ""必杀、一次扣气、命中或真实能力与恢复"", ""pass"": true}, {""name"": ""倒地、起身、胜负、回合状态清理"", ""pass"": true}]"
chichi,oolong,9,0,"[{""name"": ""初始化、移动、防御与释放"", ""pass"": true}, {""name"": ""近身light真实命中、一次伤害和恢复"", ""pass"": true}, {""name"": ""近身heavy真实命中、一次伤害和恢复"", ""pass"": true}, {""name"": ""射程外、背后、错误高度不命中"", ""pass"": true}, {""name"": ""格挡、空挥和反击窗口"", ""pass"": true}, {""name"": ""投技和拆投"", ""pass"": true}, {""name"": ""特殊技按设计生效并支付资源"", ""pass"": true}, {""name"": ""必杀、一次扣气、命中或真实能力与恢复"", ""pass"": true}, {""name"": ""倒地、起身、胜负、回合状态清理"", ""pass"": true}]"
chichi,korin,9,0,"[{""name"": ""初始化、移动、防御与释放"", ""pass"": true}, {""name"": ""近身light真实命中、一次伤害和恢复"", ""pass"": true}, {""name"": ""近身heavy真实命中、一次伤害和恢复"", ""pass"": true}, {""name"": ""射程外、背后、错误高度不命中"", ""pass"": true}, {""name"": ""格挡、空挥和反击窗口"", ""pass"": true}, {""name"": ""投技和拆投"", ""pass"": true}, {""name"": ""特殊技按设计生效并支付资源"", ""pass"": true}, {""name"": ""必杀、一次扣气、命中或真实能力与恢复"", ""pass"": true}, {""name"": ""倒地、起身、胜负、回合状态清理"", ""pass"": true}]"
chichi,pilaf,9,0,"[{""name"": ""初始化、移动、防御与释放"", ""pass"": true}, {""name"": ""近身light真实命中、一次伤害和恢复"", ""pass"": true}, {""name"": ""近身heavy真实命中、一次伤害和恢复"", ""pass"": true}, {""name"": ""射程外、背后、错误高度不命中"", ""pass"": true}, {""name"": ""格挡、空挥和反击窗口"", ""pass"": true}, {""name"": ""投技和拆投"", ""pass"": true}, {""name"": ""特殊技按设计生效并支付资源"", ""pass"": true}, {""name"": ""必杀、一次扣气、命中或真实能力与恢复"", ""pass"": true}, {""name"": ""倒地、起身、胜负、回合状态清理"", ""pass"": true}]"
bulma,goku,9,0,"[{""name"": ""初始化、移动、防御与释放"", ""pass"": true}, {""name"": ""近身light真实命中、一次伤害和恢复"", ""pass"": true}, {""name"": ""近身heavy真实命中、一次伤害和恢复"", ""pass"": true}, {""name"": ""射程外、背后、错误高度不命中"", ""pass"": true}, {""name"": ""格挡、空挥和反击窗口"", ""pass"": true}, {""name"": ""投技和拆投"", ""pass"": true}, {""name"": ""特殊技按设计生效并支付资源"", ""pass"": true}, {""name"": ""必杀、一次扣气、命中或真实能力与恢复"", ""pass"": true}, {""name"": ""倒地、起身、胜负、回合状态清理"", ""pass"": true}]"
bulma,roshi,9,0,"[{""name"": ""初始化、移动、防御与释放"", ""pass"": true}, {""name"": ""近身light真实命中、一次伤害和恢复"", ""pass"": true}, {""name"": ""近身heavy真实命中、一次伤害和恢复"", ""pass"": true}, {""name"": ""射程外、背后、错误高度不命中"", ""pass"": true}, {""name"": ""格挡、空挥和反击窗口"", ""pass"": true}, {""name"": ""投技和拆投"", ""pass"": true}, {""name"": ""特殊技按设计生效并支付资源"", ""pass"": true}, {""name"": ""必杀、一次扣气、命中或真实能力与恢复"", ""pass"": true}, {""name"": ""倒地、起身、胜负、回合状态清理"", ""pass"": true}]"
bulma,taopaipai,9,0,"[{""name"": ""初始化、移动、防御与释放"", ""pass"": true}, {""name"": ""近身light真实命中、一次伤害和恢复"", ""pass"": true}, {""name"": ""近身heavy真实命中、一次伤害和恢复"", ""pass"": true}, {""name"": ""射程外、背后、错误高度不命中"", ""pass"": true}, {""name"": ""格挡、空挥和反击窗口"", ""pass"": true}, {""name"": ""投技和拆投"", ""pass"": true}, {""name"": ""特殊技按设计生效并支付资源"", ""pass"": true}, {""name"": ""必杀、一次扣气、命中或真实能力与恢复"", ""pass"": true}, {""name"": ""倒地、起身、胜负、回合状态清理"", ""pass"": true}]"
bulma,piccolo,9,0,"[{""name"": ""初始化、移动、防御与释放"", ""pass"": true}, {""name"": ""近身light真实命中、一次伤害和恢复"", ""pass"": true}, {""name"": ""近身heavy真实命中、一次伤害和恢复"", ""pass"": true}, {""name"": ""射程外、背后、错误高度不命中"", ""pass"": true}, {""name"": ""格挡、空挥和反击窗口"", ""pass"": true}, {""name"": ""投技和拆投"", ""pass"": true}, {""name"": ""特殊技按设计生效并支付资源"", ""pass"": true}, {""name"": ""必杀、一次扣气、命中或真实能力与恢复"", ""pass"": true}, {""name"": ""倒地、起身、胜负、回合状态清理"", ""pass"": true}]"
bulma,tien,9,0,"[{""name"": ""初始化、移动、防御与释放"", ""pass"": true}, {""name"": ""近身light真实命中、一次伤害和恢复"", ""pass"": true}, {""name"": ""近身heavy真实命中、一次伤害和恢复"", ""pass"": true}, {""name"": ""射程外、背后、错误高度不命中"", ""pass"": true}, {""name"": ""格挡、空挥和反击窗口"", ""pass"": true}, {""name"": ""投技和拆投"", ""pass"": true}, {""name"": ""特殊技按设计生效并支付资源"", ""pass"": true}, {""name"": ""必杀、一次扣气、命中或真实能力与恢复"", ""pass"": true}, {""name"": ""倒地、起身、胜负、回合状态清理"", ""pass"": true}]"
bulma,krillin,9,0,"[{""name"": ""初始化、移动、防御与释放"", ""pass"": true}, {""name"": ""近身light真实命中、一次伤害和恢复"", ""pass"": true}, {""name"": ""近身heavy真实命中、一次伤害和恢复"", ""pass"": true}, {""name"": ""射程外、背后、错误高度不命中"", ""pass"": true}, {""name"": ""格挡、空挥和反击窗口"", ""pass"": true}, {""name"": ""投技和拆投"", ""pass"": true}, {""name"": ""特殊技按设计生效并支付资源"", ""pass"": true}, {""name"": ""必杀、一次扣气、命中或真实能力与恢复"", ""pass"": true}, {""name"": ""倒地、起身、胜负、回合状态清理"", ""pass"": true}]"
bulma,yamcha,9,0,"[{""name"": ""初始化、移动、防御与释放"", ""pass"": true}, {""name"": ""近身light真实命中、一次伤害和恢复"", ""pass"": true}, {""name"": ""近身heavy真实命中、一次伤害和恢复"", ""pass"": true}, {""name"": ""射程外、背后、错误高度不命中"", ""pass"": true}, {""name"": ""格挡、空挥和反击窗口"", ""pass"": true}, {""name"": ""投技和拆投"", ""pass"": true}, {""name"": ""特殊技按设计生效并支付资源"", ""pass"": true}, {""name"": ""必杀、一次扣气、命中或真实能力与恢复"", ""pass"": true}, {""name"": ""倒地、起身、胜负、回合状态清理"", ""pass"": true}]"
bulma,gyumao,9,0,"[{""name"": ""初始化、移动、防御与释放"", ""pass"": true}, {""name"": ""近身light真实命中、一次伤害和恢复"", ""pass"": true}, {""name"": ""近身heavy真实命中、一次伤害和恢复"", ""pass"": true}, {""name"": ""射程外、背后、错误高度不命中"", ""pass"": true}, {""name"": ""格挡、空挥和反击窗口"", ""pass"": true}, {""name"": ""投技和拆投"", ""pass"": true}, {""name"": ""特殊技按设计生效并支付资源"", ""pass"": true}, {""name"": ""必杀、一次扣气、命中或真实能力与恢复"", ""pass"": true}, {""name"": ""倒地、起身、胜负、回合状态清理"", ""pass"": true}]"
bulma,chichi,9,0,"[{""name"": ""初始化、移动、防御与释放"", ""pass"": true}, {""name"": ""近身light真实命中、一次伤害和恢复"", ""pass"": true}, {""name"": ""近身heavy真实命中、一次伤害和恢复"", ""pass"": true}, {""name"": ""射程外、背后、错误高度不命中"", ""pass"": true}, {""name"": ""格挡、空挥和反击窗口"", ""pass"": true}, {""name"": ""投技和拆投"", ""pass"": true}, {""name"": ""特殊技按设计生效并支付资源"", ""pass"": true}, {""name"": ""必杀、一次扣气、命中或真实能力与恢复"", ""pass"": true}, {""name"": ""倒地、起身、胜负、回合状态清理"", ""pass"": true}]"
bulma,bulma,9,0,"[{""name"": ""初始化、移动、防御与释放"", ""pass"": true}, {""name"": ""近身light真实命中、一次伤害和恢复"", ""pass"": true}, {""name"": ""近身heavy真实命中、一次伤害和恢复"", ""pass"": true}, {""name"": ""射程外、背后、错误高度不命中"", ""pass"": true}, {""name"": ""格挡、空挥和反击窗口"", ""pass"": true}, {""name"": ""投技和拆投"", ""pass"": true}, {""name"": ""特殊技按设计生效并支付资源"", ""pass"": true}, {""name"": ""必杀、一次扣气、命中或真实能力与恢复"", ""pass"": true}, {""name"": ""倒地、起身、胜负、回合状态清理"", ""pass"": true}]"
bulma,chiaotzu,9,0,"[{""name"": ""初始化、移动、防御与释放"", ""pass"": true}, {""name"": ""近身light真实命中、一次伤害和恢复"", ""pass"": true}, {""name"": ""近身heavy真实命中、一次伤害和恢复"", ""pass"": true}, {""name"": ""射程外、背后、错误高度不命中"", ""pass"": true}, {""name"": ""格挡、空挥和反击窗口"", ""pass"": true}, {""name"": ""投技和拆投"", ""pass"": true}, {""name"": ""特殊技按设计生效并支付资源"", ""pass"": true}, {""name"": ""必杀、一次扣气、命中或真实能力与恢复"", ""pass"": true}, {""name"": ""倒地、起身、胜负、回合状态清理"", ""pass"": true}]"
bulma,oolong,9,0,"[{""name"": ""初始化、移动、防御与释放"", ""pass"": true}, {""name"": ""近身light真实命中、一次伤害和恢复"", ""pass"": true}, {""name"": ""近身heavy真实命中、一次伤害和恢复"", ""pass"": true}, {""name"": ""射程外、背后、错误高度不命中"", ""pass"": true}, {""name"": ""格挡、空挥和反击窗口"", ""pass"": true}, {""name"": ""投技和拆投"", ""pass"": true}, {""name"": ""特殊技按设计生效并支付资源"", ""pass"": true}, {""name"": ""必杀、一次扣气、命中或真实能力与恢复"", ""pass"": true}, {""name"": ""倒地、起身、胜负、回合状态清理"", ""pass"": true}]"
bulma,korin,9,0,"[{""name"": ""初始化、移动、防御与释放"", ""pass"": true}, {""name"": ""近身light真实命中、一次伤害和恢复"", ""pass"": true}, {""name"": ""近身heavy真实命中、一次伤害和恢复"", ""pass"": true}, {""name"": ""射程外、背后、错误高度不命中"", ""pass"": true}, {""name"": ""格挡、空挥和反击窗口"", ""pass"": true}, {""name"": ""投技和拆投"", ""pass"": true}, {""name"": ""特殊技按设计生效并支付资源"", ""pass"": true}, {""name"": ""必杀、一次扣气、命中或真实能力与恢复"", ""pass"": true}, {""name"": ""倒地、起身、胜负、回合状态清理"", ""pass"": true}]"
bulma,pilaf,9,0,"[{""name"": ""初始化、移动、防御与释放"", ""pass"": true}, {""name"": ""近身light真实命中、一次伤害和恢复"", ""pass"": true}, {""name"": ""近身heavy真实命中、一次伤害和恢复"", ""pass"": true}, {""name"": ""射程外、背后、错误高度不命中"", ""pass"": true}, {""name"": ""格挡、空挥和反击窗口"", ""pass"": true}, {""name"": ""投技和拆投"", ""pass"": true}, {""name"": ""特殊技按设计生效并支付资源"", ""pass"": true}, {""name"": ""必杀、一次扣气、命中或真实能力与恢复"", ""pass"": true}, {""name"": ""倒地、起身、胜负、回合状态清理"", ""pass"": true}]"
chiaotzu,goku,9,0,"[{""name"": ""初始化、移动、防御与释放"", ""pass"": true}, {""name"": ""近身light真实命中、一次伤害和恢复"", ""pass"": true}, {""name"": ""近身heavy真实命中、一次伤害和恢复"", ""pass"": true}, {""name"": ""射程外、背后、错误高度不命中"", ""pass"": true}, {""name"": ""格挡、空挥和反击窗口"", ""pass"": true}, {""name"": ""投技和拆投"", ""pass"": true}, {""name"": ""特殊技按设计生效并支付资源"", ""pass"": true}, {""name"": ""必杀、一次扣气、命中或真实能力与恢复"", ""pass"": true}, {""name"": ""倒地、起身、胜负、回合状态清理"", ""pass"": true}]"
chiaotzu,roshi,9,0,"[{""name"": ""初始化、移动、防御与释放"", ""pass"": true}, {""name"": ""近身light真实命中、一次伤害和恢复"", ""pass"": true}, {""name"": ""近身heavy真实命中、一次伤害和恢复"", ""pass"": true}, {""name"": ""射程外、背后、错误高度不命中"", ""pass"": true}, {""name"": ""格挡、空挥和反击窗口"", ""pass"": true}, {""name"": ""投技和拆投"", ""pass"": true}, {""name"": ""特殊技按设计生效并支付资源"", ""pass"": true}, {""name"": ""必杀、一次扣气、命中或真实能力与恢复"", ""pass"": true}, {""name"": ""倒地、起身、胜负、回合状态清理"", ""pass"": true}]"
chiaotzu,taopaipai,9,0,"[{""name"": ""初始化、移动、防御与释放"", ""pass"": true}, {""name"": ""近身light真实命中、一次伤害和恢复"", ""pass"": true}, {""name"": ""近身heavy真实命中、一次伤害和恢复"", ""pass"": true}, {""name"": ""射程外、背后、错误高度不命中"", ""pass"": true}, {""name"": ""格挡、空挥和反击窗口"", ""pass"": true}, {""name"": ""投技和拆投"", ""pass"": true}, {""name"": ""特殊技按设计生效并支付资源"", ""pass"": true}, {""name"": ""必杀、一次扣气、命中或真实能力与恢复"", ""pass"": true}, {""name"": ""倒地、起身、胜负、回合状态清理"", ""pass"": true}]"
chiaotzu,piccolo,9,0,"[{""name"": ""初始化、移动、防御与释放"", ""pass"": true}, {""name"": ""近身light真实命中、一次伤害和恢复"", ""pass"": true}, {""name"": ""近身heavy真实命中、一次伤害和恢复"", ""pass"": true}, {""name"": ""射程外、背后、错误高度不命中"", ""pass"": true}, {""name"": ""格挡、空挥和反击窗口"", ""pass"": true}, {""name"": ""投技和拆投"", ""pass"": true}, {""name"": ""特殊技按设计生效并支付资源"", ""pass"": true}, {""name"": ""必杀、一次扣气、命中或真实能力与恢复"", ""pass"": true}, {""name"": ""倒地、起身、胜负、回合状态清理"", ""pass"": true}]"
chiaotzu,tien,9,0,"[{""name"": ""初始化、移动、防御与释放"", ""pass"": true}, {""name"": ""近身light真实命中、一次伤害和恢复"", ""pass"": true}, {""name"": ""近身heavy真实命中、一次伤害和恢复"", ""pass"": true}, {""name"": ""射程外、背后、错误高度不命中"", ""pass"": true}, {""name"": ""格挡、空挥和反击窗口"", ""pass"": true}, {""name"": ""投技和拆投"", ""pass"": true}, {""name"": ""特殊技按设计生效并支付资源"", ""pass"": true}, {""name"": ""必杀、一次扣气、命中或真实能力与恢复"", ""pass"": true}, {""name"": ""倒地、起身、胜负、回合状态清理"", ""pass"": true}]"
chiaotzu,krillin,9,0,"[{""name"": ""初始化、移动、防御与释放"", ""pass"": true}, {""name"": ""近身light真实命中、一次伤害和恢复"", ""pass"": true}, {""name"": ""近身heavy真实命中、一次伤害和恢复"", ""pass"": true}, {""name"": ""射程外、背后、错误高度不命中"", ""pass"": true}, {""name"": ""格挡、空挥和反击窗口"", ""pass"": true}, {""name"": ""投技和拆投"", ""pass"": true}, {""name"": ""特殊技按设计生效并支付资源"", ""pass"": true}, {""name"": ""必杀、一次扣气、命中或真实能力与恢复"", ""pass"": true}, {""name"": ""倒地、起身、胜负、回合状态清理"", ""pass"": true}]"
chiaotzu,yamcha,9,0,"[{""name"": ""初始化、移动、防御与释放"", ""pass"": true}, {""name"": ""近身light真实命中、一次伤害和恢复"", ""pass"": true}, {""name"": ""近身heavy真实命中、一次伤害和恢复"", ""pass"": true}, {""name"": ""射程外、背后、错误高度不命中"", ""pass"": true}, {""name"": ""格挡、空挥和反击窗口"", ""pass"": true}, {""name"": ""投技和拆投"", ""pass"": true}, {""name"": ""特殊技按设计生效并支付资源"", ""pass"": true}, {""name"": ""必杀、一次扣气、命中或真实能力与恢复"", ""pass"": true}, {""name"": ""倒地、起身、胜负、回合状态清理"", ""pass"": true}]"
chiaotzu,gyumao,9,0,"[{""name"": ""初始化、移动、防御与释放"", ""pass"": true}, {""name"": ""近身light真实命中、一次伤害和恢复"", ""pass"": true}, {""name"": ""近身heavy真实命中、一次伤害和恢复"", ""pass"": true}, {""name"": ""射程外、背后、错误高度不命中"", ""pass"": true}, {""name"": ""格挡、空挥和反击窗口"", ""pass"": true}, {""name"": ""投技和拆投"", ""pass"": true}, {""name"": ""特殊技按设计生效并支付资源"", ""pass"": true}, {""name"": ""必杀、一次扣气、命中或真实能力与恢复"", ""pass"": true}, {""name"": ""倒地、起身、胜负、回合状态清理"", ""pass"": true}]"
chiaotzu,chichi,9,0,"[{""name"": ""初始化、移动、防御与释放"", ""pass"": true}, {""name"": ""近身light真实命中、一次伤害和恢复"", ""pass"": true}, {""name"": ""近身heavy真实命中、一次伤害和恢复"", ""pass"": true}, {""name"": ""射程外、背后、错误高度不命中"", ""pass"": true}, {""name"": ""格挡、空挥和反击窗口"", ""pass"": true}, {""name"": ""投技和拆投"", ""pass"": true}, {""name"": ""特殊技按设计生效并支付资源"", ""pass"": true}, {""name"": ""必杀、一次扣气、命中或真实能力与恢复"", ""pass"": true}, {""name"": ""倒地、起身、胜负、回合状态清理"", ""pass"": true}]"
chiaotzu,bulma,9,0,"[{""name"": ""初始化、移动、防御与释放"", ""pass"": true}, {""name"": ""近身light真实命中、一次伤害和恢复"", ""pass"": true}, {""name"": ""近身heavy真实命中、一次伤害和恢复"", ""pass"": true}, {""name"": ""射程外、背后、错误高度不命中"", ""pass"": true}, {""name"": ""格挡、空挥和反击窗口"", ""pass"": true}, {""name"": ""投技和拆投"", ""pass"": true}, {""name"": ""特殊技按设计生效并支付资源"", ""pass"": true}, {""name"": ""必杀、一次扣气、命中或真实能力与恢复"", ""pass"": true}, {""name"": ""倒地、起身、胜负、回合状态清理"", ""pass"": true}]"
chiaotzu,chiaotzu,9,0,"[{""name"": ""初始化、移动、防御与释放"", ""pass"": true}, {""name"": ""近身light真实命中、一次伤害和恢复"", ""pass"": true}, {""name"": ""近身heavy真实命中、一次伤害和恢复"", ""pass"": true}, {""name"": ""射程外、背后、错误高度不命中"", ""pass"": true}, {""name"": ""格挡、空挥和反击窗口"", ""pass"": true}, {""name"": ""投技和拆投"", ""pass"": true}, {""name"": ""特殊技按设计生效并支付资源"", ""pass"": true}, {""name"": ""必杀、一次扣气、命中或真实能力与恢复"", ""pass"": true}, {""name"": ""倒地、起身、胜负、回合状态清理"", ""pass"": true}]"
chiaotzu,oolong,9,0,"[{""name"": ""初始化、移动、防御与释放"", ""pass"": true}, {""name"": ""近身light真实命中、一次伤害和恢复"", ""pass"": true}, {""name"": ""近身heavy真实命中、一次伤害和恢复"", ""pass"": true}, {""name"": ""射程外、背后、错误高度不命中"", ""pass"": true}, {""name"": ""格挡、空挥和反击窗口"", ""pass"": true}, {""name"": ""投技和拆投"", ""pass"": true}, {""name"": ""特殊技按设计生效并支付资源"", ""pass"": true}, {""name"": ""必杀、一次扣气、命中或真实能力与恢复"", ""pass"": true}, {""name"": ""倒地、起身、胜负、回合状态清理"", ""pass"": true}]"
chiaotzu,korin,9,0,"[{""name"": ""初始化、移动、防御与释放"", ""pass"": true}, {""name"": ""近身light真实命中、一次伤害和恢复"", ""pass"": true}, {""name"": ""近身heavy真实命中、一次伤害和恢复"", ""pass"": true}, {""name"": ""射程外、背后、错误高度不命中"", ""pass"": true}, {""name"": ""格挡、空挥和反击窗口"", ""pass"": true}, {""name"": ""投技和拆投"", ""pass"": true}, {""name"": ""特殊技按设计生效并支付资源"", ""pass"": true}, {""name"": ""必杀、一次扣气、命中或真实能力与恢复"", ""pass"": true}, {""name"": ""倒地、起身、胜负、回合状态清理"", ""pass"": true}]"
chiaotzu,pilaf,9,0,"[{""name"": ""初始化、移动、防御与释放"", ""pass"": true}, {""name"": ""近身light真实命中、一次伤害和恢复"", ""pass"": true}, {""name"": ""近身heavy真实命中、一次伤害和恢复"", ""pass"": true}, {""name"": ""射程外、背后、错误高度不命中"", ""pass"": true}, {""name"": ""格挡、空挥和反击窗口"", ""pass"": true}, {""name"": ""投技和拆投"", ""pass"": true}, {""name"": ""特殊技按设计生效并支付资源"", ""pass"": true}, {""name"": ""必杀、一次扣气、命中或真实能力与恢复"", ""pass"": true}, {""name"": ""倒地、起身、胜负、回合状态清理"", ""pass"": true}]"
oolong,goku,9,0,"[{""name"": ""初始化、移动、防御与释放"", ""pass"": true}, {""name"": ""近身light真实命中、一次伤害和恢复"", ""pass"": true}, {""name"": ""近身heavy真实命中、一次伤害和恢复"", ""pass"": true}, {""name"": ""射程外、背后、错误高度不命中"", ""pass"": true}, {""name"": ""格挡、空挥和反击窗口"", ""pass"": true}, {""name"": ""投技和拆投"", ""pass"": true}, {""name"": ""特殊技按设计生效并支付资源"", ""pass"": true}, {""name"": ""必杀、一次扣气、命中或真实能力与恢复"", ""pass"": true}, {""name"": ""倒地、起身、胜负、回合状态清理"", ""pass"": true}]"
oolong,roshi,9,0,"[{""name"": ""初始化、移动、防御与释放"", ""pass"": true}, {""name"": ""近身light真实命中、一次伤害和恢复"", ""pass"": true}, {""name"": ""近身heavy真实命中、一次伤害和恢复"", ""pass"": true}, {""name"": ""射程外、背后、错误高度不命中"", ""pass"": true}, {""name"": ""格挡、空挥和反击窗口"", ""pass"": true}, {""name"": ""投技和拆投"", ""pass"": true}, {""name"": ""特殊技按设计生效并支付资源"", ""pass"": true}, {""name"": ""必杀、一次扣气、命中或真实能力与恢复"", ""pass"": true}, {""name"": ""倒地、起身、胜负、回合状态清理"", ""pass"": true}]"
oolong,taopaipai,9,0,"[{""name"": ""初始化、移动、防御与释放"", ""pass"": true}, {""name"": ""近身light真实命中、一次伤害和恢复"", ""pass"": true}, {""name"": ""近身heavy真实命中、一次伤害和恢复"", ""pass"": true}, {""name"": ""射程外、背后、错误高度不命中"", ""pass"": true}, {""name"": ""格挡、空挥和反击窗口"", ""pass"": true}, {""name"": ""投技和拆投"", ""pass"": true}, {""name"": ""特殊技按设计生效并支付资源"", ""pass"": true}, {""name"": ""必杀、一次扣气、命中或真实能力与恢复"", ""pass"": true}, {""name"": ""倒地、起身、胜负、回合状态清理"", ""pass"": true}]"
oolong,piccolo,9,0,"[{""name"": ""初始化、移动、防御与释放"", ""pass"": true}, {""name"": ""近身light真实命中、一次伤害和恢复"", ""pass"": true}, {""name"": ""近身heavy真实命中、一次伤害和恢复"", ""pass"": true}, {""name"": ""射程外、背后、错误高度不命中"", ""pass"": true}, {""name"": ""格挡、空挥和反击窗口"", ""pass"": true}, {""name"": ""投技和拆投"", ""pass"": true}, {""name"": ""特殊技按设计生效并支付资源"", ""pass"": true}, {""name"": ""必杀、一次扣气、命中或真实能力与恢复"", ""pass"": true}, {""name"": ""倒地、起身、胜负、回合状态清理"", ""pass"": true}]"
oolong,tien,9,0,"[{""name"": ""初始化、移动、防御与释放"", ""pass"": true}, {""name"": ""近身light真实命中、一次伤害和恢复"", ""pass"": true}, {""name"": ""近身heavy真实命中、一次伤害和恢复"", ""pass"": true}, {""name"": ""射程外、背后、错误高度不命中"", ""pass"": true}, {""name"": ""格挡、空挥和反击窗口"", ""pass"": true}, {""name"": ""投技和拆投"", ""pass"": true}, {""name"": ""特殊技按设计生效并支付资源"", ""pass"": true}, {""name"": ""必杀、一次扣气、命中或真实能力与恢复"", ""pass"": true}, {""name"": ""倒地、起身、胜负、回合状态清理"", ""pass"": true}]"
oolong,krillin,9,0,"[{""name"": ""初始化、移动、防御与释放"", ""pass"": true}, {""name"": ""近身light真实命中、一次伤害和恢复"", ""pass"": true}, {""name"": ""近身heavy真实命中、一次伤害和恢复"", ""pass"": true}, {""name"": ""射程外、背后、错误高度不命中"", ""pass"": true}, {""name"": ""格挡、空挥和反击窗口"", ""pass"": true}, {""name"": ""投技和拆投"", ""pass"": true}, {""name"": ""特殊技按设计生效并支付资源"", ""pass"": true}, {""name"": ""必杀、一次扣气、命中或真实能力与恢复"", ""pass"": true}, {""name"": ""倒地、起身、胜负、回合状态清理"", ""pass"": true}]"
oolong,yamcha,9,0,"[{""name"": ""初始化、移动、防御与释放"", ""pass"": true}, {""name"": ""近身light真实命中、一次伤害和恢复"", ""pass"": true}, {""name"": ""近身heavy真实命中、一次伤害和恢复"", ""pass"": true}, {""name"": ""射程外、背后、错误高度不命中"", ""pass"": true}, {""name"": ""格挡、空挥和反击窗口"", ""pass"": true}, {""name"": ""投技和拆投"", ""pass"": true}, {""name"": ""特殊技按设计生效并支付资源"", ""pass"": true}, {""name"": ""必杀、一次扣气、命中或真实能力与恢复"", ""pass"": true}, {""name"": ""倒地、起身、胜负、回合状态清理"", ""pass"": true}]"
oolong,gyumao,9,0,"[{""name"": ""初始化、移动、防御与释放"", ""pass"": true}, {""name"": ""近身light真实命中、一次伤害和恢复"", ""pass"": true}, {""name"": ""近身heavy真实命中、一次伤害和恢复"", ""pass"": true}, {""name"": ""射程外、背后、错误高度不命中"", ""pass"": true}, {""name"": ""格挡、空挥和反击窗口"", ""pass"": true}, {""name"": ""投技和拆投"", ""pass"": true}, {""name"": ""特殊技按设计生效并支付资源"", ""pass"": true}, {""name"": ""必杀、一次扣气、命中或真实能力与恢复"", ""pass"": true}, {""name"": ""倒地、起身、胜负、回合状态清理"", ""pass"": true}]"
oolong,chichi,9,0,"[{""name"": ""初始化、移动、防御与释放"", ""pass"": true}, {""name"": ""近身light真实命中、一次伤害和恢复"", ""pass"": true}, {""name"": ""近身heavy真实命中、一次伤害和恢复"", ""pass"": true}, {""name"": ""射程外、背后、错误高度不命中"", ""pass"": true}, {""name"": ""格挡、空挥和反击窗口"", ""pass"": true}, {""name"": ""投技和拆投"", ""pass"": true}, {""name"": ""特殊技按设计生效并支付资源"", ""pass"": true}, {""name"": ""必杀、一次扣气、命中或真实能力与恢复"", ""pass"": true}, {""name"": ""倒地、起身、胜负、回合状态清理"", ""pass"": true}]"
oolong,bulma,9,0,"[{""name"": ""初始化、移动、防御与释放"", ""pass"": true}, {""name"": ""近身light真实命中、一次伤害和恢复"", ""pass"": true}, {""name"": ""近身heavy真实命中、一次伤害和恢复"", ""pass"": true}, {""name"": ""射程外、背后、错误高度不命中"", ""pass"": true}, {""name"": ""格挡、空挥和反击窗口"", ""pass"": true}, {""name"": ""投技和拆投"", ""pass"": true}, {""name"": ""特殊技按设计生效并支付资源"", ""pass"": true}, {""name"": ""必杀、一次扣气、命中或真实能力与恢复"", ""pass"": true}, {""name"": ""倒地、起身、胜负、回合状态清理"", ""pass"": true}]"
oolong,chiaotzu,9,0,"[{""name"": ""初始化、移动、防御与释放"", ""pass"": true}, {""name"": ""近身light真实命中、一次伤害和恢复"", ""pass"": true}, {""name"": ""近身heavy真实命中、一次伤害和恢复"", ""pass"": true}, {""name"": ""射程外、背后、错误高度不命中"", ""pass"": true}, {""name"": ""格挡、空挥和反击窗口"", ""pass"": true}, {""name"": ""投技和拆投"", ""pass"": true}, {""name"": ""特殊技按设计生效并支付资源"", ""pass"": true}, {""name"": ""必杀、一次扣气、命中或真实能力与恢复"", ""pass"": true}, {""name"": ""倒地、起身、胜负、回合状态清理"", ""pass"": true}]"
oolong,oolong,9,0,"[{""name"": ""初始化、移动、防御与释放"", ""pass"": true}, {""name"": ""近身light真实命中、一次伤害和恢复"", ""pass"": true}, {""name"": ""近身heavy真实命中、一次伤害和恢复"", ""pass"": true}, {""name"": ""射程外、背后、错误高度不命中"", ""pass"": true}, {""name"": ""格挡、空挥和反击窗口"", ""pass"": true}, {""name"": ""投技和拆投"", ""pass"": true}, {""name"": ""特殊技按设计生效并支付资源"", ""pass"": true}, {""name"": ""必杀、一次扣气、命中或真实能力与恢复"", ""pass"": true}, {""name"": ""倒地、起身、胜负、回合状态清理"", ""pass"": true}]"
oolong,korin,9,0,"[{""name"": ""初始化、移动、防御与释放"", ""pass"": true}, {""name"": ""近身light真实命中、一次伤害和恢复"", ""pass"": true}, {""name"": ""近身heavy真实命中、一次伤害和恢复"", ""pass"": true}, {""name"": ""射程外、背后、错误高度不命中"", ""pass"": true}, {""name"": ""格挡、空挥和反击窗口"", ""pass"": true}, {""name"": ""投技和拆投"", ""pass"": true}, {""name"": ""特殊技按设计生效并支付资源"", ""pass"": true}, {""name"": ""必杀、一次扣气、命中或真实能力与恢复"", ""pass"": true}, {""name"": ""倒地、起身、胜负、回合状态清理"", ""pass"": true}]"
oolong,pilaf,9,0,"[{""name"": ""初始化、移动、防御与释放"", ""pass"": true}, {""name"": ""近身light真实命中、一次伤害和恢复"", ""pass"": true}, {""name"": ""近身heavy真实命中、一次伤害和恢复"", ""pass"": true}, {""name"": ""射程外、背后、错误高度不命中"", ""pass"": true}, {""name"": ""格挡、空挥和反击窗口"", ""pass"": true}, {""name"": ""投技和拆投"", ""pass"": true}, {""name"": ""特殊技按设计生效并支付资源"", ""pass"": true}, {""name"": ""必杀、一次扣气、命中或真实能力与恢复"", ""pass"": true}, {""name"": ""倒地、起身、胜负、回合状态清理"", ""pass"": true}]"
korin,goku,9,0,"[{""name"": ""初始化、移动、防御与释放"", ""pass"": true}, {""name"": ""近身light真实命中、一次伤害和恢复"", ""pass"": true}, {""name"": ""近身heavy真实命中、一次伤害和恢复"", ""pass"": true}, {""name"": ""射程外、背后、错误高度不命中"", ""pass"": true}, {""name"": ""格挡、空挥和反击窗口"", ""pass"": true}, {""name"": ""投技和拆投"", ""pass"": true}, {""name"": ""特殊技按设计生效并支付资源"", ""pass"": true}, {""name"": ""必杀、一次扣气、命中或真实能力与恢复"", ""pass"": true}, {""name"": ""倒地、起身、胜负、回合状态清理"", ""pass"": true}]"
korin,roshi,9,0,"[{""name"": ""初始化、移动、防御与释放"", ""pass"": true}, {""name"": ""近身light真实命中、一次伤害和恢复"", ""pass"": true}, {""name"": ""近身heavy真实命中、一次伤害和恢复"", ""pass"": true}, {""name"": ""射程外、背后、错误高度不命中"", ""pass"": true}, {""name"": ""格挡、空挥和反击窗口"", ""pass"": true}, {""name"": ""投技和拆投"", ""pass"": true}, {""name"": ""特殊技按设计生效并支付资源"", ""pass"": true}, {""name"": ""必杀、一次扣气、命中或真实能力与恢复"", ""pass"": true}, {""name"": ""倒地、起身、胜负、回合状态清理"", ""pass"": true}]"
korin,taopaipai,9,0,"[{""name"": ""初始化、移动、防御与释放"", ""pass"": true}, {""name"": ""近身light真实命中、一次伤害和恢复"", ""pass"": true}, {""name"": ""近身heavy真实命中、一次伤害和恢复"", ""pass"": true}, {""name"": ""射程外、背后、错误高度不命中"", ""pass"": true}, {""name"": ""格挡、空挥和反击窗口"", ""pass"": true}, {""name"": ""投技和拆投"", ""pass"": true}, {""name"": ""特殊技按设计生效并支付资源"", ""pass"": true}, {""name"": ""必杀、一次扣气、命中或真实能力与恢复"", ""pass"": true}, {""name"": ""倒地、起身、胜负、回合状态清理"", ""pass"": true}]"
korin,piccolo,9,0,"[{""name"": ""初始化、移动、防御与释放"", ""pass"": true}, {""name"": ""近身light真实命中、一次伤害和恢复"", ""pass"": true}, {""name"": ""近身heavy真实命中、一次伤害和恢复"", ""pass"": true}, {""name"": ""射程外、背后、错误高度不命中"", ""pass"": true}, {""name"": ""格挡、空挥和反击窗口"", ""pass"": true}, {""name"": ""投技和拆投"", ""pass"": true}, {""name"": ""特殊技按设计生效并支付资源"", ""pass"": true}, {""name"": ""必杀、一次扣气、命中或真实能力与恢复"", ""pass"": true}, {""name"": ""倒地、起身、胜负、回合状态清理"", ""pass"": true}]"
korin,tien,9,0,"[{""name"": ""初始化、移动、防御与释放"", ""pass"": true}, {""name"": ""近身light真实命中、一次伤害和恢复"", ""pass"": true}, {""name"": ""近身heavy真实命中、一次伤害和恢复"", ""pass"": true}, {""name"": ""射程外、背后、错误高度不命中"", ""pass"": true}, {""name"": ""格挡、空挥和反击窗口"", ""pass"": true}, {""name"": ""投技和拆投"", ""pass"": true}, {""name"": ""特殊技按设计生效并支付资源"", ""pass"": true}, {""name"": ""必杀、一次扣气、命中或真实能力与恢复"", ""pass"": true}, {""name"": ""倒地、起身、胜负、回合状态清理"", ""pass"": true}]"
korin,krillin,9,0,"[{""name"": ""初始化、移动、防御与释放"", ""pass"": true}, {""name"": ""近身light真实命中、一次伤害和恢复"", ""pass"": true}, {""name"": ""近身heavy真实命中、一次伤害和恢复"", ""pass"": true}, {""name"": ""射程外、背后、错误高度不命中"", ""pass"": true}, {""name"": ""格挡、空挥和反击窗口"", ""pass"": true}, {""name"": ""投技和拆投"", ""pass"": true}, {""name"": ""特殊技按设计生效并支付资源"", ""pass"": true}, {""name"": ""必杀、一次扣气、命中或真实能力与恢复"", ""pass"": true}, {""name"": ""倒地、起身、胜负、回合状态清理"", ""pass"": true}]"
korin,yamcha,9,0,"[{""name"": ""初始化、移动、防御与释放"", ""pass"": true}, {""name"": ""近身light真实命中、一次伤害和恢复"", ""pass"": true}, {""name"": ""近身heavy真实命中、一次伤害和恢复"", ""pass"": true}, {""name"": ""射程外、背后、错误高度不命中"", ""pass"": true}, {""name"": ""格挡、空挥和反击窗口"", ""pass"": true}, {""name"": ""投技和拆投"", ""pass"": true}, {""name"": ""特殊技按设计生效并支付资源"", ""pass"": true}, {""name"": ""必杀、一次扣气、命中或真实能力与恢复"", ""pass"": true}, {""name"": ""倒地、起身、胜负、回合状态清理"", ""pass"": true}]"
korin,gyumao,9,0,"[{""name"": ""初始化、移动、防御与释放"", ""pass"": true}, {""name"": ""近身light真实命中、一次伤害和恢复"", ""pass"": true}, {""name"": ""近身heavy真实命中、一次伤害和恢复"", ""pass"": true}, {""name"": ""射程外、背后、错误高度不命中"", ""pass"": true}, {""name"": ""格挡、空挥和反击窗口"", ""pass"": true}, {""name"": ""投技和拆投"", ""pass"": true}, {""name"": ""特殊技按设计生效并支付资源"", ""pass"": true}, {""name"": ""必杀、一次扣气、命中或真实能力与恢复"", ""pass"": true}, {""name"": ""倒地、起身、胜负、回合状态清理"", ""pass"": true}]"
korin,chichi,9,0,"[{""name"": ""初始化、移动、防御与释放"", ""pass"": true}, {""name"": ""近身light真实命中、一次伤害和恢复"", ""pass"": true}, {""name"": ""近身heavy真实命中、一次伤害和恢复"", ""pass"": true}, {""name"": ""射程外、背后、错误高度不命中"", ""pass"": true}, {""name"": ""格挡、空挥和反击窗口"", ""pass"": true}, {""name"": ""投技和拆投"", ""pass"": true}, {""name"": ""特殊技按设计生效并支付资源"", ""pass"": true}, {""name"": ""必杀、一次扣气、命中或真实能力与恢复"", ""pass"": true}, {""name"": ""倒地、起身、胜负、回合状态清理"", ""pass"": true}]"
korin,bulma,9,0,"[{""name"": ""初始化、移动、防御与释放"", ""pass"": true}, {""name"": ""近身light真实命中、一次伤害和恢复"", ""pass"": true}, {""name"": ""近身heavy真实命中、一次伤害和恢复"", ""pass"": true}, {""name"": ""射程外、背后、错误高度不命中"", ""pass"": true}, {""name"": ""格挡、空挥和反击窗口"", ""pass"": true}, {""name"": ""投技和拆投"", ""pass"": true}, {""name"": ""特殊技按设计生效并支付资源"", ""pass"": true}, {""name"": ""必杀、一次扣气、命中或真实能力与恢复"", ""pass"": true}, {""name"": ""倒地、起身、胜负、回合状态清理"", ""pass"": true}]"
korin,chiaotzu,9,0,"[{""name"": ""初始化、移动、防御与释放"", ""pass"": true}, {""name"": ""近身light真实命中、一次伤害和恢复"", ""pass"": true}, {""name"": ""近身heavy真实命中、一次伤害和恢复"", ""pass"": true}, {""name"": ""射程外、背后、错误高度不命中"", ""pass"": true}, {""name"": ""格挡、空挥和反击窗口"", ""pass"": true}, {""name"": ""投技和拆投"", ""pass"": true}, {""name"": ""特殊技按设计生效并支付资源"", ""pass"": true}, {""name"": ""必杀、一次扣气、命中或真实能力与恢复"", ""pass"": true}, {""name"": ""倒地、起身、胜负、回合状态清理"", ""pass"": true}]"
korin,oolong,9,0,"[{""name"": ""初始化、移动、防御与释放"", ""pass"": true}, {""name"": ""近身light真实命中、一次伤害和恢复"", ""pass"": true}, {""name"": ""近身heavy真实命中、一次伤害和恢复"", ""pass"": true}, {""name"": ""射程外、背后、错误高度不命中"", ""pass"": true}, {""name"": ""格挡、空挥和反击窗口"", ""pass"": true}, {""name"": ""投技和拆投"", ""pass"": true}, {""name"": ""特殊技按设计生效并支付资源"", ""pass"": true}, {""name"": ""必杀、一次扣气、命中或真实能力与恢复"", ""pass"": true}, {""name"": ""倒地、起身、胜负、回合状态清理"", ""pass"": true}]"
korin,korin,9,0,"[{""name"": ""初始化、移动、防御与释放"", ""pass"": true}, {""name"": ""近身light真实命中、一次伤害和恢复"", ""pass"": true}, {""name"": ""近身heavy真实命中、一次伤害和恢复"", ""pass"": true}, {""name"": ""射程外、背后、错误高度不命中"", ""pass"": true}, {""name"": ""格挡、空挥和反击窗口"", ""pass"": true}, {""name"": ""投技和拆投"", ""pass"": true}, {""name"": ""特殊技按设计生效并支付资源"", ""pass"": true}, {""name"": ""必杀、一次扣气、命中或真实能力与恢复"", ""pass"": true}, {""name"": ""倒地、起身、胜负、回合状态清理"", ""pass"": true}]"
korin,pilaf,9,0,"[{""name"": ""初始化、移动、防御与释放"", ""pass"": true}, {""name"": ""近身light真实命中、一次伤害和恢复"", ""pass"": true}, {""name"": ""近身heavy真实命中、一次伤害和恢复"", ""pass"": true}, {""name"": ""射程外、背后、错误高度不命中"", ""pass"": true}, {""name"": ""格挡、空挥和反击窗口"", ""pass"": true}, {""name"": ""投技和拆投"", ""pass"": true}, {""name"": ""特殊技按设计生效并支付资源"", ""pass"": true}, {""name"": ""必杀、一次扣气、命中或真实能力与恢复"", ""pass"": true}, {""name"": ""倒地、起身、胜负、回合状态清理"", ""pass"": true}]"
pilaf,goku,9,0,"[{""name"": ""初始化、移动、防御与释放"", ""pass"": true}, {""name"": ""近身light真实命中、一次伤害和恢复"", ""pass"": true}, {""name"": ""近身heavy真实命中、一次伤害和恢复"", ""pass"": true}, {""name"": ""射程外、背后、错误高度不命中"", ""pass"": true}, {""name"": ""格挡、空挥和反击窗口"", ""pass"": true}, {""name"": ""投技和拆投"", ""pass"": true}, {""name"": ""特殊技按设计生效并支付资源"", ""pass"": true}, {""name"": ""必杀、一次扣气、命中或真实能力与恢复"", ""pass"": true}, {""name"": ""倒地、起身、胜负、回合状态清理"", ""pass"": true}]"
pilaf,roshi,9,0,"[{""name"": ""初始化、移动、防御与释放"", ""pass"": true}, {""name"": ""近身light真实命中、一次伤害和恢复"", ""pass"": true}, {""name"": ""近身heavy真实命中、一次伤害和恢复"", ""pass"": true}, {""name"": ""射程外、背后、错误高度不命中"", ""pass"": true}, {""name"": ""格挡、空挥和反击窗口"", ""pass"": true}, {""name"": ""投技和拆投"", ""pass"": true}, {""name"": ""特殊技按设计生效并支付资源"", ""pass"": true}, {""name"": ""必杀、一次扣气、命中或真实能力与恢复"", ""pass"": true}, {""name"": ""倒地、起身、胜负、回合状态清理"", ""pass"": true}]"
pilaf,taopaipai,9,0,"[{""name"": ""初始化、移动、防御与释放"", ""pass"": true}, {""name"": ""近身light真实命中、一次伤害和恢复"", ""pass"": true}, {""name"": ""近身heavy真实命中、一次伤害和恢复"", ""pass"": true}, {""name"": ""射程外、背后、错误高度不命中"", ""pass"": true}, {""name"": ""格挡、空挥和反击窗口"", ""pass"": true}, {""name"": ""投技和拆投"", ""pass"": true}, {""name"": ""特殊技按设计生效并支付资源"", ""pass"": true}, {""name"": ""必杀、一次扣气、命中或真实能力与恢复"", ""pass"": true}, {""name"": ""倒地、起身、胜负、回合状态清理"", ""pass"": true}]"
pilaf,piccolo,9,0,"[{""name"": ""初始化、移动、防御与释放"", ""pass"": true}, {""name"": ""近身light真实命中、一次伤害和恢复"", ""pass"": true}, {""name"": ""近身heavy真实命中、一次伤害和恢复"", ""pass"": true}, {""name"": ""射程外、背后、错误高度不命中"", ""pass"": true}, {""name"": ""格挡、空挥和反击窗口"", ""pass"": true}, {""name"": ""投技和拆投"", ""pass"": true}, {""name"": ""特殊技按设计生效并支付资源"", ""pass"": true}, {""name"": ""必杀、一次扣气、命中或真实能力与恢复"", ""pass"": true}, {""name"": ""倒地、起身、胜负、回合状态清理"", ""pass"": true}]"
pilaf,tien,9,0,"[{""name"": ""初始化、移动、防御与释放"", ""pass"": true}, {""name"": ""近身light真实命中、一次伤害和恢复"", ""pass"": true}, {""name"": ""近身heavy真实命中、一次伤害和恢复"", ""pass"": true}, {""name"": ""射程外、背后、错误高度不命中"", ""pass"": true}, {""name"": ""格挡、空挥和反击窗口"", ""pass"": true}, {""name"": ""投技和拆投"", ""pass"": true}, {""name"": ""特殊技按设计生效并支付资源"", ""pass"": true}, {""name"": ""必杀、一次扣气、命中或真实能力与恢复"", ""pass"": true}, {""name"": ""倒地、起身、胜负、回合状态清理"", ""pass"": true}]"
pilaf,krillin,9,0,"[{""name"": ""初始化、移动、防御与释放"", ""pass"": true}, {""name"": ""近身light真实命中、一次伤害和恢复"", ""pass"": true}, {""name"": ""近身heavy真实命中、一次伤害和恢复"", ""pass"": true}, {""name"": ""射程外、背后、错误高度不命中"", ""pass"": true}, {""name"": ""格挡、空挥和反击窗口"", ""pass"": true}, {""name"": ""投技和拆投"", ""pass"": true}, {""name"": ""特殊技按设计生效并支付资源"", ""pass"": true}, {""name"": ""必杀、一次扣气、命中或真实能力与恢复"", ""pass"": true}, {""name"": ""倒地、起身、胜负、回合状态清理"", ""pass"": true}]"
pilaf,yamcha,9,0,"[{""name"": ""初始化、移动、防御与释放"", ""pass"": true}, {""name"": ""近身light真实命中、一次伤害和恢复"", ""pass"": true}, {""name"": ""近身heavy真实命中、一次伤害和恢复"", ""pass"": true}, {""name"": ""射程外、背后、错误高度不命中"", ""pass"": true}, {""name"": ""格挡、空挥和反击窗口"", ""pass"": true}, {""name"": ""投技和拆投"", ""pass"": true}, {""name"": ""特殊技按设计生效并支付资源"", ""pass"": true}, {""name"": ""必杀、一次扣气、命中或真实能力与恢复"", ""pass"": true}, {""name"": ""倒地、起身、胜负、回合状态清理"", ""pass"": true}]"
pilaf,gyumao,9,0,"[{""name"": ""初始化、移动、防御与释放"", ""pass"": true}, {""name"": ""近身light真实命中、一次伤害和恢复"", ""pass"": true}, {""name"": ""近身heavy真实命中、一次伤害和恢复"", ""pass"": true}, {""name"": ""射程外、背后、错误高度不命中"", ""pass"": true}, {""name"": ""格挡、空挥和反击窗口"", ""pass"": true}, {""name"": ""投技和拆投"", ""pass"": true}, {""name"": ""特殊技按设计生效并支付资源"", ""pass"": true}, {""name"": ""必杀、一次扣气、命中或真实能力与恢复"", ""pass"": true}, {""name"": ""倒地、起身、胜负、回合状态清理"", ""pass"": true}]"
pilaf,chichi,9,0,"[{""name"": ""初始化、移动、防御与释放"", ""pass"": true}, {""name"": ""近身light真实命中、一次伤害和恢复"", ""pass"": true}, {""name"": ""近身heavy真实命中、一次伤害和恢复"", ""pass"": true}, {""name"": ""射程外、背后、错误高度不命中"", ""pass"": true}, {""name"": ""格挡、空挥和反击窗口"", ""pass"": true}, {""name"": ""投技和拆投"", ""pass"": true}, {""name"": ""特殊技按设计生效并支付资源"", ""pass"": true}, {""name"": ""必杀、一次扣气、命中或真实能力与恢复"", ""pass"": true}, {""name"": ""倒地、起身、胜负、回合状态清理"", ""pass"": true}]"
pilaf,bulma,9,0,"[{""name"": ""初始化、移动、防御与释放"", ""pass"": true}, {""name"": ""近身light真实命中、一次伤害和恢复"", ""pass"": true}, {""name"": ""近身heavy真实命中、一次伤害和恢复"", ""pass"": true}, {""name"": ""射程外、背后、错误高度不命中"", ""pass"": true}, {""name"": ""格挡、空挥和反击窗口"", ""pass"": true}, {""name"": ""投技和拆投"", ""pass"": true}, {""name"": ""特殊技按设计生效并支付资源"", ""pass"": true}, {""name"": ""必杀、一次扣气、命中或真实能力与恢复"", ""pass"": true}, {""name"": ""倒地、起身、胜负、回合状态清理"", ""pass"": true}]"
pilaf,chiaotzu,9,0,"[{""name"": ""初始化、移动、防御与释放"", ""pass"": true}, {""name"": ""近身light真实命中、一次伤害和恢复"", ""pass"": true}, {""name"": ""近身heavy真实命中、一次伤害和恢复"", ""pass"": true}, {""name"": ""射程外、背后、错误高度不命中"", ""pass"": true}, {""name"": ""格挡、空挥和反击窗口"", ""pass"": true}, {""name"": ""投技和拆投"", ""pass"": true}, {""name"": ""特殊技按设计生效并支付资源"", ""pass"": true}, {""name"": ""必杀、一次扣气、命中或真实能力与恢复"", ""pass"": true}, {""name"": ""倒地、起身、胜负、回合状态清理"", ""pass"": true}]"
pilaf,oolong,9,0,"[{""name"": ""初始化、移动、防御与释放"", ""pass"": true}, {""name"": ""近身light真实命中、一次伤害和恢复"", ""pass"": true}, {""name"": ""近身heavy真实命中、一次伤害和恢复"", ""pass"": true}, {""name"": ""射程外、背后、错误高度不命中"", ""pass"": true}, {""name"": ""格挡、空挥和反击窗口"", ""pass"": true}, {""name"": ""投技和拆投"", ""pass"": true}, {""name"": ""特殊技按设计生效并支付资源"", ""pass"": true}, {""name"": ""必杀、一次扣气、命中或真实能力与恢复"", ""pass"": true}, {""name"": ""倒地、起身、胜负、回合状态清理"", ""pass"": true}]"
pilaf,korin,9,0,"[{""name"": ""初始化、移动、防御与释放"", ""pass"": true}, {""name"": ""近身light真实命中、一次伤害和恢复"", ""pass"": true}, {""name"": ""近身heavy真实命中、一次伤害和恢复"", ""pass"": true}, {""name"": ""射程外、背后、错误高度不命中"", ""pass"": true}, {""name"": ""格挡、空挥和反击窗口"", ""pass"": true}, {""name"": ""投技和拆投"", ""pass"": true}, {""name"": ""特殊技按设计生效并支付资源"", ""pass"": true}, {""name"": ""必杀、一次扣气、命中或真实能力与恢复"", ""pass"": true}, {""name"": ""倒地、起身、胜负、回合状态清理"", ""pass"": true}]"
pilaf,pilaf,9,0,"[{""name"": ""初始化、移动、防御与释放"", ""pass"": true}, {""name"": ""近身light真实命中、一次伤害和恢复"", ""pass"": true}, {""name"": ""近身heavy真实命中、一次伤害和恢复"", ""pass"": true}, {""name"": ""射程外、背后、错误高度不命中"", ""pass"": true}, {""name"": ""格挡、空挥和反击窗口"", ""pass"": true}, {""name"": ""投技和拆投"", ""pass"": true}, {""name"": ""特殊技按设计生效并支付资源"", ""pass"": true}, {""name"": ""必杀、一次扣气、命中或真实能力与恢复"", ""pass"": true}, {""name"": ""倒地、起身、胜负、回合状态清理"", ""pass"": true}]"
