character,characterName,input,id,name,startup,active,recovery,damage,range,hitstun,blockstun,kb,cost,kiGain,level,cancels,hits,ability,armor,control,cooldown,guardDamage,launch,knockdown,shape,startupTicks120,activeTicks120,recoveryTicks120
goku,少年悟空,,l1,轻击 1,0.08333333333333333,0.06666666666666667,0.16666666666666666,4,1.28,0.24,0.11666666666666667,0.4,0,6,high,"{""hit"": [""light"", ""heavy"", ""special"", ""ult"", ""dash"", ""pursuit""], ""block"": [""heavy""], ""whiff"": []}",,,False,,,7,,,,10,8,20
goku,少年悟空,,l2,轻击 2,0.1,0.06666666666666667,0.18333333333333332,5,1.32,0.258,0.13333333333333333,0.52,0,7,high,"{""hit"": [""light"", ""heavy"", ""special"", ""ult"", ""dash"", ""pursuit""], ""block"": [""heavy""], ""whiff"": []}",,,False,,,9,,,,12,8,22
goku,少年悟空,,l3,轻击 3,0.13333333333333333,0.08333333333333333,0.25,6,1.36,0.27599999999999997,0.15,0.64,0,8,mid,"{""hit"": [""light"", ""heavy"", ""special"", ""ult"", ""dash"", ""pursuit""], ""block"": [""heavy""], ""whiff"": []}",,,False,,,11,,,,16,10,30
goku,少年悟空,,l4,轻击 4,0.16666666666666666,0.1,0.3333333333333333,9,1.55,0.35,0.16666666666666666,4.7,0,11,mid,"{""hit"": [""special"", ""ult"", ""dash"", ""pursuit""], ""block"": [], ""whiff"": []}",,,False,,,13,,,,20,12,40
goku,少年悟空,,h1,重击 1,0.2,0.08333333333333333,0.3333333333333333,9,1.48,0.35,0.2,2.08,0,11,mid,"{""hit"": [""light"", ""heavy"", ""special"", ""ult"", ""dash"", ""pursuit""], ""block"": [], ""whiff"": []}",,,False,,,19,,,,24,10,40
goku,少年悟空,,h2,重击 2,0.23333333333333334,0.1,0.38333333333333336,12,1.65,0.38999999999999996,0.23333333333333334,2.72,0,13,mid,"{""hit"": [""light"", ""heavy"", ""special"", ""ult"", ""dash"", ""pursuit""], ""block"": [], ""whiff"": []}",,,False,,,23,,,,28,12,46
goku,少年悟空,,h3,重击 3,0.2833333333333333,0.11666666666666667,0.4166666666666667,15,2.65,0.43,0.26666666666666666,3.84,0,16,mid,"{""hit"": [""light"", ""heavy"", ""special"", ""ult"", ""dash"", ""pursuit""], ""block"": [], ""whiff"": []}",,,False,,,27,,,,34,14,50
goku,少年悟空,,h4,重击 4,0.38333333333333336,0.1,0.55,24,2.75,0.47,0.3,6.4,0,20,mid,"{""hit"": [""special"", ""ult"", ""dash"", ""pursuit""], ""block"": [], ""whiff"": []}",,,False,,,31,,,,46,12,66
goku,少年悟空,,launcher,反空 W+K,0.17,0.09,0.31,10,1.3299999999999998,0.66,0.2,1.2,0,11,mid,"{""hit"": [""light"", ""heavy"", ""special"", ""ult"", ""dash"", ""pursuit""], ""block"": [], ""whiff"": []}",,,False,,,22,6.8,,,21,11,38
goku,少年悟空,,sweep,下段 S+K,0.18,0.09,0.35,11,1.52,0.6,0.2,2.4,0,11,low,"{""hit"": [""light"", ""heavy"", ""special"", ""ult"", ""dash"", ""pursuit""], ""block"": [], ""whiff"": []}",,,False,,,18,,True,,22,11,42
goku,少年悟空,,throw,投技 / 拆投 O,0.15,0.045,0.505,12,1.36,0.65,0.13,5.8,0,8,mid,"{""hit"": [], ""block"": [], ""whiff"": []}",,,,,,,,,,18,6,61
goku,少年悟空,,special,如意延伸,0.24,0.1,0.37,14,2.8,0.38,0.13,4,30,,mid,"{""hit"": [], ""block"": [], ""whiff"": []}",,,,,,,,,,29,12,45
goku,少年悟空,,ult,龟派气功波,0.72,0.18,0.62,32,8.5,0.4,0.13,,100,,mid,"{""hit"": [], ""block"": [], ""whiff"": []}",,,,,,,,,beam,87,22,75
roshi,龟仙人,,l1,轻击 1,0.1,0.06666666666666667,0.16666666666666666,5,1.4,0.24,0.11666666666666667,0.4,0,6,high,"{""hit"": [""light"", ""heavy"", ""special"", ""ult"", ""dash"", ""pursuit""], ""block"": [""heavy""], ""whiff"": []}",,,False,,,7,,,,12,8,20
roshi,龟仙人,,l2,龟仙贴身肘,0.11666666666666667,0.06666666666666667,0.16666666666666666,6,1.32,0.258,0.13333333333333333,0.52,0,7,high,"{""hit"": [""light"", ""heavy"", ""special"", ""ult"", ""dash"", ""pursuit""], ""block"": [""heavy""], ""whiff"": []}",,,False,,,9,,,,14,8,20
roshi,龟仙人,,l3,龟仙沉身扫腿,0.16666666666666666,0.1,0.2833333333333333,7,1.6,0.27599999999999997,0.15,0.64,0,9,low,"{""hit"": [""light"", ""heavy"", ""special"", ""ult"", ""dash"", ""pursuit""], ""block"": [""heavy""], ""whiff"": []}",,,False,,,11,,,,20,12,34
roshi,龟仙人,,l4,龟仙回身踢,0.2,0.1,0.36666666666666664,10,1.7,0.35,0.16666666666666666,4.7,0,12,mid,"{""hit"": [""special"", ""ult"", ""dash"", ""pursuit""], ""block"": [], ""whiff"": []}",,,False,,,13,,,,24,12,44
roshi,龟仙人,,h1,重击 1,0.21666666666666667,0.08333333333333333,0.36666666666666664,10,1.6,0.35,0.2,2.2399999999999998,0,12,mid,"{""hit"": [""light"", ""heavy"", ""special"", ""ult"", ""dash"", ""pursuit""], ""block"": [], ""whiff"": []}",,,False,,,19,,,,26,10,44
roshi,龟仙人,,h2,龟仙靠膝,0.2,0.08333333333333333,0.36666666666666664,13,1.5,0.38999999999999996,0.23333333333333334,2.8800000000000003,0,14,mid,"{""hit"": [""light"", ""heavy"", ""special"", ""ult"", ""dash"", ""pursuit""], ""block"": [], ""whiff"": []}",,,False,,,23,,,,24,10,44
roshi,龟仙人,,h3,双掌卸力,0.3,0.11666666666666667,0.45,16,1.8,0.43,0.26666666666666666,4,0,17,mid,"{""hit"": [""light"", ""heavy"", ""special"", ""ult"", ""dash"", ""pursuit""], ""block"": [], ""whiff"": []}",,,False,,,27,,,,36,14,54
roshi,龟仙人,,h4,龟仙沉腰重掌,0.4,0.11666666666666667,0.55,23,2,0.47,0.3,6.24,0,21,mid,"{""hit"": [""special"", ""ult"", ""dash"", ""pursuit""], ""block"": [], ""whiff"": []}",,,False,,,31,,,,48,14,66
roshi,龟仙人,,launcher,反空 W+K,0.17,0.09,0.31,10,1.456,0.66,0.2,1.2,0,12,mid,"{""hit"": [""light"", ""heavy"", ""special"", ""ult"", ""dash"", ""pursuit""], ""block"": [], ""whiff"": []}",,,False,,,22,6.8,,,21,11,38
roshi,龟仙人,,sweep,下段 S+K,0.18,0.09,0.35,11,1.6640000000000001,0.6,0.2,2.4,0,12,low,"{""hit"": [""light"", ""heavy"", ""special"", ""ult"", ""dash"", ""pursuit""], ""block"": [], ""whiff"": []}",,,False,,,18,,True,,22,11,42
roshi,龟仙人,,throw,投技 / 拆投 O,0.15,0.045,0.505,12,1.36,0.65,0.13,5.8,0,8,mid,"{""hit"": [], ""block"": [], ""whiff"": []}",,,,,,,,,,18,6,61
roshi,龟仙人,,special,龟仙反掌,0.15,0.1,0.36,11,1.8,0.44,0.13,3,30,,mid,"{""hit"": [], ""block"": [], ""whiff"": []}",,,True,,,,,,,18,12,44
roshi,龟仙人,,ult,魔封波,0.8,0.22,0.65,23,6,1.2,0.13,1.5,100,,mid,"{""hit"": [], ""block"": [], ""whiff"": []}",,,,,,,,,beam,96,27,78
taopaipai,桃白白,,l1,轻击 1,0.06666666666666667,0.05,0.16666666666666666,4,1.34,0.24,0.11666666666666667,0.4,0,6,high,"{""hit"": [""light"", ""heavy"", ""special"", ""ult"", ""dash"", ""pursuit""], ""block"": [""heavy""], ""whiff"": []}",,,False,,,7,,,,8,6,20
taopaipai,桃白白,,l2,轻击 2,0.08333333333333333,0.05,0.18333333333333332,5,1.28,0.258,0.13333333333333333,0.52,0,7,high,"{""hit"": [""light"", ""heavy"", ""special"", ""ult"", ""dash"", ""pursuit""], ""block"": [""heavy""], ""whiff"": []}",,,False,,,9,,,,10,6,22
taopaipai,桃白白,,l3,轻击 3,0.11666666666666667,0.06666666666666667,0.21666666666666667,6,1.36,0.27599999999999997,0.15,0.64,0,8,mid,"{""hit"": [""light"", ""heavy"", ""special"", ""ult"", ""dash"", ""pursuit""], ""block"": [""heavy""], ""whiff"": []}",,,False,,,11,,,,14,8,26
taopaipai,桃白白,,l4,轻击 4,0.16666666666666666,0.08333333333333333,0.38333333333333336,10,1.7,0.35,0.16666666666666666,4.7,0,12,mid,"{""hit"": [""special"", ""ult"", ""dash"", ""pursuit""], ""block"": [], ""whiff"": []}",,,False,,,13,,,,20,10,46
taopaipai,桃白白,,h1,重击 1,0.18333333333333332,0.08333333333333333,0.4,11,1.65,0.35,0.2,2.4000000000000004,0,12,mid,"{""hit"": [""light"", ""heavy"", ""special"", ""ult"", ""dash"", ""pursuit""], ""block"": [], ""whiff"": []}",,,False,,,19,,,,22,10,48
taopaipai,桃白白,,h2,重击 2,0.16666666666666666,0.08333333333333333,0.45,13,1.75,0.38999999999999996,0.23333333333333334,3.04,0,14,mid,"{""hit"": [""light"", ""heavy"", ""special"", ""ult"", ""dash"", ""pursuit""], ""block"": [], ""whiff"": []}",,,False,,,23,,,,20,10,54
taopaipai,桃白白,,h3,重击 3,0.23333333333333334,0.08333333333333333,0.43333333333333335,16,1.48,0.43,0.26666666666666666,4,0,17,mid,"{""hit"": [""light"", ""heavy"", ""special"", ""ult"", ""dash"", ""pursuit""], ""block"": [], ""whiff"": []}",,,False,,,27,,,,28,10,52
taopaipai,桃白白,,h4,重击 4,0.3333333333333333,0.08333333333333333,0.5666666666666667,22,1.65,0.47,0.3,6.08,0,21,mid,"{""hit"": [""special"", ""ult"", ""dash"", ""pursuit""], ""block"": [], ""whiff"": []}",,,False,,,31,,,,40,10,68
taopaipai,桃白白,,launcher,反空 W+K,0.17,0.09,0.31,10,1.6239999999999999,0.66,0.2,1.2,0,12,mid,"{""hit"": [""light"", ""heavy"", ""special"", ""ult"", ""dash"", ""pursuit""], ""block"": [], ""whiff"": []}",,,False,,,22,6.8,,,21,11,38
taopaipai,桃白白,,sweep,下段 S+K,0.18,0.09,0.35,11,1.8559999999999999,0.6,0.2,2.4,0,12,low,"{""hit"": [""light"", ""heavy"", ""special"", ""ult"", ""dash"", ""pursuit""], ""block"": [], ""whiff"": []}",,,False,,,18,,True,,22,11,42
taopaipai,桃白白,,throw,投技 / 拆投 O,0.15,0.045,0.505,12,1.36,0.65,0.13,5.8,0,8,mid,"{""hit"": [], ""block"": [], ""whiff"": []}",,,,,,,,,,18,6,61
taopaipai,桃白白,,special,杀手突掌,0.12,0.08,0.4,13,1.8,0.31,0.13,2,30,,mid,"{""hit"": [], ""block"": [], ""whiff"": []}",,,,,,,,,,15,10,48
taopaipai,桃白白,,ult,洞洞波,0.4,0.1,0.7,30,10,0.4,0.13,,100,,mid,"{""hit"": [], ""block"": [], ""whiff"": []}",,,,,,,,,beam,48,12,84
piccolo,比克大魔王,,l1,轻击 1,0.13333333333333333,0.08333333333333333,0.21666666666666667,5,1.7,0.24,0.11666666666666667,0.4,0,7,high,"{""hit"": [""light"", ""heavy"", ""special"", ""ult"", ""dash"", ""pursuit""], ""block"": [""heavy""], ""whiff"": []}",,,False,,,7,,,,16,10,26
piccolo,比克大魔王,,l2,轻击 2,0.15,0.08333333333333333,0.23333333333333334,6,1.7,0.258,0.13333333333333333,0.52,0,8,high,"{""hit"": [""light"", ""heavy"", ""special"", ""ult"", ""dash"", ""pursuit""], ""block"": [""heavy""], ""whiff"": []}",,,False,,,9,,,,18,10,28
piccolo,比克大魔王,,l3,轻击 3,0.18333333333333332,0.1,0.3,8,2,0.27599999999999997,0.15,0.64,0,9,mid,"{""hit"": [""light"", ""heavy"", ""special"", ""ult"", ""dash"", ""pursuit""], ""block"": [""heavy""], ""whiff"": []}",,,False,,,11,,,,22,12,36
piccolo,比克大魔王,,l4,轻击 4,0.21666666666666667,0.1,0.4166666666666667,11,1.72,0.35,0.16666666666666666,4.7,0,13,mid,"{""hit"": [""special"", ""ult"", ""dash"", ""pursuit""], ""block"": [], ""whiff"": []}",,,False,,,13,5.8,,,26,12,50
piccolo,比克大魔王,,h1,重击 1,0.26666666666666666,0.11666666666666667,0.48333333333333334,11,1.95,0.35,0.2,2.4000000000000004,0,12,mid,"{""hit"": [""light"", ""heavy"", ""special"", ""ult"", ""dash"", ""pursuit""], ""block"": [], ""whiff"": []}",,,False,,,19,,,,32,14,58
piccolo,比克大魔王,,h2,重击 2,0.3,0.1,0.5,14,1.85,0.38999999999999996,0.23333333333333334,3.12,0,15,mid,"{""hit"": [""light"", ""heavy"", ""special"", ""ult"", ""dash"", ""pursuit""], ""block"": [], ""whiff"": []}",,,False,,,23,,,,36,12,60
piccolo,比克大魔王,,h3,重击 3,0.36666666666666664,0.13333333333333333,0.5666666666666667,18,2.15,0.43,0.26666666666666666,4.32,0,18,mid,"{""hit"": [""light"", ""heavy"", ""special"", ""ult"", ""dash"", ""pursuit""], ""block"": [], ""whiff"": []}",,,True,,,27,,,,44,16,68
piccolo,比克大魔王,,h4,重击 4,0.4666666666666667,0.13333333333333333,0.6333333333333333,26,2.15,0.47,0.3,6.56,0,22,mid,"{""hit"": [""special"", ""ult"", ""dash"", ""pursuit""], ""block"": [], ""whiff"": []}",,,True,,,31,,,,56,16,76
piccolo,比克大魔王,,launcher,反空 W+K,0.17,0.09,0.31,10,2.072,0.66,0.2,1.2,0,12,mid,"{""hit"": [""light"", ""heavy"", ""special"", ""ult"", ""dash"", ""pursuit""], ""block"": [], ""whiff"": []}",,,False,,,22,6.8,,,21,11,38
piccolo,比克大魔王,,sweep,下段 S+K,0.18,0.09,0.35,11,2.368,0.6,0.2,2.4,0,12,low,"{""hit"": [""light"", ""heavy"", ""special"", ""ult"", ""dash"", ""pursuit""], ""block"": [], ""whiff"": []}",,,False,,,18,,True,,22,11,42
piccolo,比克大魔王,,throw,投技 / 拆投 O,0.15,0.045,0.505,12,1.36,0.65,0.13,5.8,0,8,mid,"{""hit"": [], ""block"": [], ""whiff"": []}",,,,,,,,,,18,6,61
piccolo,比克大魔王,,special,魔王震掌,0.38,0.15,0.53,18,2.2,0.45,0.13,6,30,,mid,"{""hit"": [], ""block"": [], ""whiff"": []}",,,True,,,40,,,,46,18,64
piccolo,比克大魔王,,ult,爆力魔波,0.95,0.24,0.75,39,7,0.4,0.13,,100,,mid,"{""hit"": [], ""block"": [], ""whiff"": []}",,,,,,58,,,beam,114,29,90
tien,天津饭,,l1,轻击 1,0.1,0.06666666666666667,0.16666666666666666,4,1.62,0.24,0.11666666666666667,0.4,0,6,high,"{""hit"": [""light"", ""heavy"", ""special"", ""ult"", ""dash"", ""pursuit""], ""block"": [""heavy""], ""whiff"": []}",,,False,,,7,,,,12,8,20
tien,天津饭,,l2,鹤流交错直掌,0.11666666666666667,0.06666666666666667,0.18333333333333332,6,1.68,0.258,0.13333333333333333,0.52,0,8,high,"{""hit"": [""light"", ""heavy"", ""special"", ""ult"", ""dash"", ""pursuit""], ""block"": [""heavy""], ""whiff"": []}",,,False,,,9,,,,14,8,22
tien,天津饭,,l3,鹤流折肘,0.13333333333333333,0.06666666666666667,0.21666666666666667,7,1.6,0.27599999999999997,0.15,0.64,0,9,mid,"{""hit"": [""light"", ""heavy"", ""special"", ""ult"", ""dash"", ""pursuit""], ""block"": [""heavy""], ""whiff"": []}",,,False,,,11,,,,16,8,26
tien,天津饭,,l4,鹤流转身踢,0.18333333333333332,0.1,0.38333333333333336,10,1.95,0.35,0.16666666666666666,4.7,0,12,mid,"{""hit"": [""special"", ""ult"", ""dash"", ""pursuit""], ""block"": [], ""whiff"": []}",,,False,,,13,,,,22,12,46
tien,天津饭,,h1,重击 1,0.2,0.08333333333333333,0.4,10,1.82,0.35,0.2,2.2399999999999998,0,12,mid,"{""hit"": [""light"", ""heavy"", ""special"", ""ult"", ""dash"", ""pursuit""], ""block"": [], ""whiff"": []}",,,False,,,19,,,,24,10,48
tien,天津饭,,h2,鹤流截空腿,0.25,0.1,0.4166666666666667,13,2.02,0.38999999999999996,0.23333333333333334,2.9600000000000004,0,14,mid,"{""hit"": [""light"", ""heavy"", ""special"", ""ult"", ""dash"", ""pursuit""], ""block"": [], ""whiff"": []}",,,False,,,23,,,,30,12,50
tien,天津饭,,h3,鹤流压掌,0.3,0.11666666666666667,0.4666666666666667,16,2.1,0.43,0.26666666666666666,4.16,0,17,mid,"{""hit"": [""light"", ""heavy"", ""special"", ""ult"", ""dash"", ""pursuit""], ""block"": [], ""whiff"": []}",,,False,,,27,,,,36,14,56
tien,天津饭,,h4,鹤流震身拳,0.4,0.1,0.5666666666666667,25,2.15,0.47,0.3,6.4,0,22,mid,"{""hit"": [""special"", ""ult"", ""dash"", ""pursuit""], ""block"": [], ""whiff"": []}",,,False,,,31,,,,48,12,68
tien,天津饭,,launcher,反空 W+K,0.17,0.09,0.31,10,2.1,0.66,0.2,1.2,0,12,mid,"{""hit"": [""light"", ""heavy"", ""special"", ""ult"", ""dash"", ""pursuit""], ""block"": [], ""whiff"": []}",,,False,,,22,6.8,,,21,11,38
tien,天津饭,,sweep,下段 S+K,0.18,0.09,0.35,11,2.048,0.6,0.2,2.4,0,12,low,"{""hit"": [""light"", ""heavy"", ""special"", ""ult"", ""dash"", ""pursuit""], ""block"": [], ""whiff"": []}",,,False,,,18,,True,,22,11,42
tien,天津饭,,throw,投技 / 拆投 O,0.15,0.045,0.505,12,1.36,0.65,0.13,5.8,0,8,mid,"{""hit"": [], ""block"": [], ""whiff"": []}",,,,,,,,,,18,6,61
tien,天津饭,,special,鹤流挑掌,0.18,0.13,0.42,12,1.9,0.6,0.13,1.4,30,,mid,"{""hit"": [], ""block"": [], ""whiff"": []}",,,,,,,6.6,,,22,16,51
tien,天津饭,,ult,气功炮,0.85,0.2,0.9,44,7,0.4,0.13,,100,,mid,"{""hit"": [], ""block"": [], ""whiff"": []}",,,,,,,,,beam,102,24,108
krillin,小林,,l1,轻击 1,0.06666666666666667,0.06666666666666667,0.15,4,1.07,0.24,0.11666666666666667,0.4,0,6,high,"{""hit"": [""light"", ""heavy"", ""special"", ""ult"", ""dash"", ""pursuit""], ""block"": [""heavy""], ""whiff"": []}",,,False,,,7,,,,8,8,18
krillin,小林,,l2,小林低身反掌,0.08333333333333333,0.06666666666666667,0.16666666666666666,5,1.12,0.258,0.13333333333333333,0.52,0,7,high,"{""hit"": [""light"", ""heavy"", ""special"", ""ult"", ""dash"", ""pursuit""], ""block"": [""heavy""], ""whiff"": []}",,,False,,,9,,,,10,8,20
krillin,小林,,l3,小林跃步连踢,0.11666666666666667,0.08333333333333333,0.2,6,1.18,0.27599999999999997,0.15,0.64,0,8,mid,"{""hit"": [""light"", ""heavy"", ""special"", ""ult"", ""dash"", ""pursuit""], ""block"": [""heavy""], ""whiff"": []}",,,False,,,11,,,,14,10,24
krillin,小林,,l4,小林转身重拳,0.15,0.1,0.3333333333333333,9,1.4,0.35,0.16666666666666666,4.7,0,11,mid,"{""hit"": [""special"", ""ult"", ""dash"", ""pursuit""], ""block"": [], ""whiff"": []}",,,False,,,13,,,,18,12,40
krillin,小林,,h1,重击 1,0.16666666666666666,0.08333333333333333,0.3333333333333333,9,1.32,0.35,0.2,2.08,0,11,mid,"{""hit"": [""light"", ""heavy"", ""special"", ""ult"", ""dash"", ""pursuit""], ""block"": [], ""whiff"": []}",,,False,,,19,,,,20,10,40
krillin,小林,,h2,小林跃膝,0.2,0.08333333333333333,0.36666666666666664,12,1.25,0.38999999999999996,0.23333333333333334,2.5600000000000005,0,13,mid,"{""hit"": [""light"", ""heavy"", ""special"", ""ult"", ""dash"", ""pursuit""], ""block"": [], ""whiff"": []}",,,False,,,23,,,,24,10,44
krillin,小林,,h3,小林双掌突进,0.2833333333333333,0.1,0.4666666666666667,15,1.45,0.43,0.26666666666666666,3.7600000000000002,0,15,mid,"{""hit"": [""heavy"", ""special"", ""ult"", ""dash""], ""block"": [], ""whiff"": []}",,,False,,,27,,,,34,12,56
krillin,小林,,h4,小林低身回旋踢,0.32,0.1,0.48,20,1.55,0.43,0.26666666666666666,5,0,15,low,"{""hit"": [""special"", ""ult"", ""dash"", ""pursuit""], ""block"": [], ""whiff"": []}",,,False,,,27,,,,39,12,58
krillin,小林,,launcher,反空 W+K,0.17,0.09,0.31,10,1.1059999999999999,0.66,0.2,1.2,0,11,mid,"{""hit"": [""light"", ""heavy"", ""special"", ""ult"", ""dash"", ""pursuit""], ""block"": [], ""whiff"": []}",,,False,,,22,6.8,,,21,11,38
krillin,小林,,sweep,下段 S+K,0.18,0.09,0.35,11,1.2640000000000002,0.6,0.2,2.4,0,11,low,"{""hit"": [""light"", ""heavy"", ""special"", ""ult"", ""dash"", ""pursuit""], ""block"": [], ""whiff"": []}",,,False,,,18,,True,,22,11,42
krillin,小林,,throw,投技 / 拆投 O,0.15,0.045,0.505,12,1.36,0.65,0.13,5.8,0,8,mid,"{""hit"": [], ""block"": [], ""whiff"": []}",,,,,,,,,,18,6,61
krillin,小林,,special,低身疾踢,0.12,0.1,0.32,10,1.45,0.4,0.13,2.5,30,,low,"{""hit"": [], ""block"": [], ""whiff"": []}",,,,,,,,,,15,12,39
krillin,小林,,ult,气元斩,1.02,0.15,0.5,36,18,0.4,0.13,,100,,mid,"{""hit"": [], ""block"": [], ""whiff"": []}",,,,,,,,,disc,123,18,60
yamcha,雅木茶,,l1,轻击 1,0.08333333333333333,0.06666666666666667,0.15,4,1.43,0.24,0.11666666666666667,0.4,0,6,high,"{""hit"": [""light"", ""heavy"", ""special"", ""ult"", ""dash"", ""pursuit""], ""block"": [""heavy""], ""whiff"": []}",,,False,,,7,,,,10,8,18
yamcha,雅木茶,,l2,狼牙反爪,0.08333333333333333,0.06666666666666667,0.16666666666666666,5,1.4,0.258,0.13333333333333333,0.52,0,7,high,"{""hit"": [""light"", ""heavy"", ""special"", ""ult"", ""dash"", ""pursuit""], ""block"": [""heavy""], ""whiff"": []}",,,False,,,9,,,,10,8,20
yamcha,雅木茶,,l3,狼牙贴身肘,0.1,0.06666666666666667,0.2,6,1.48,0.27599999999999997,0.15,0.64,0,8,mid,"{""hit"": [""light"", ""heavy"", ""special"", ""ult"", ""dash"", ""pursuit""], ""block"": [""heavy""], ""whiff"": []}",,,False,,,11,,,,12,8,24
yamcha,雅木茶,,l4,狼牙扫尾踢,0.16666666666666666,0.1,0.4,10,1.72,0.35,0.16666666666666666,4.7,0,11,mid,"{""hit"": [""special"", ""ult"", ""dash"", ""pursuit""], ""block"": [], ""whiff"": []}",,,False,,,13,,,,20,12,48
yamcha,雅木茶,,h1,重击 1,0.2,0.08333333333333333,0.4,11,1.7,0.35,0.2,2.4000000000000004,0,12,mid,"{""hit"": [""light"", ""heavy"", ""special"", ""ult"", ""dash"", ""pursuit""], ""block"": [], ""whiff"": []}",,,False,,,19,,,,24,10,48
yamcha,雅木茶,,h2,狼牙交错爪,0.21666666666666667,0.17,0.4166666666666667,7,1.75,0.38999999999999996,0.23333333333333334,3.04,0,14,mid,"{""hit"": [""light"", ""heavy"", ""special"", ""ult"", ""dash"", ""pursuit""], ""block"": [], ""whiff"": []}","[0, 0.07]",,False,,,23,,,,26,21,50
yamcha,雅木茶,,h3,狼牙压肘,0.25,0.08333333333333333,0.45,16,1.5,0.43,0.26666666666666666,4,0,17,mid,"{""hit"": [""light"", ""heavy"", ""special"", ""ult"", ""dash"", ""pursuit""], ""block"": [], ""whiff"": []}",,,False,,,27,,,,30,10,54
yamcha,雅木茶,,h4,狼牙终式穿掌,0.36666666666666664,0.1,0.5666666666666667,22,1.75,0.47,0.3,6.08,0,21,mid,"{""hit"": [""special"", ""ult"", ""dash"", ""pursuit""], ""block"": [], ""whiff"": []}",,,False,,,31,,,,44,12,68
yamcha,雅木茶,,launcher,反空 W+K,0.17,0.09,0.31,10,1.4,0.66,0.2,1.2,0,12,mid,"{""hit"": [""light"", ""heavy"", ""special"", ""ult"", ""dash"", ""pursuit""], ""block"": [], ""whiff"": []}",,,False,,,22,6.8,,,21,11,38
yamcha,雅木茶,,sweep,下段 S+K,0.18,0.09,0.35,11,1.6,0.6,0.2,2.4,0,12,low,"{""hit"": [""light"", ""heavy"", ""special"", ""ult"", ""dash"", ""pursuit""], ""block"": [], ""whiff"": []}",,,False,,,18,,True,,22,11,42
yamcha,雅木茶,,throw,投技 / 拆投 O,0.15,0.045,0.505,12,1.36,0.65,0.13,5.8,0,8,mid,"{""hit"": [], ""block"": [], ""whiff"": []}",,,,,,,,,,18,6,61
yamcha,雅木茶,,special,狼牙突爪,0.15,0.27,0.4,5,1.65,0.21,0.13,0.2,30,,mid,"{""hit"": [], ""block"": [], ""whiff"": []}","[0, 0.13]",,,,,,,,wolf,18,33,48
yamcha,雅木茶,,ult,狼牙风风拳,0.3,0.48,0.6,8,1.8,0.22,0.13,0.35,100,,mid,"{""hit"": [], ""block"": [], ""whiff"": []}","[0, 0.14, 0.28, 0.42]",,,,,,,,wolf,36,58,72
gyumao,牛魔王,,l1,斧柄直撞,0.2,0.1,0.3,6,2.2,0.3,0.12,0.45,0,5,mid,"{""hit"": [""light"", ""heavy"", ""special"", ""ult"", ""dash"", ""pursuit""], ""block"": [""heavy""], ""whiff"": []}",,,,,,12,,,,24,12,36
gyumao,牛魔王,,l2,斧柄反撞,0.23333333333333334,0.1,0.3333333333333333,7,2.3,0.3,0.12,0.45,0,5,mid,"{""hit"": [""light"", ""heavy"", ""special"", ""ult"", ""dash"", ""pursuit""], ""block"": [""heavy""], ""whiff"": []}",,,,,,12,,,,28,12,40
gyumao,牛魔王,,l3,低斧横压,0.3,0.11666666666666667,0.4,9,2.6,0.3,0.12,0.45,0,5,low,"{""hit"": [""light"", ""heavy"", ""special"", ""ult"", ""dash"", ""pursuit""], ""block"": [""heavy""], ""whiff"": []}",,,,,,12,,,,36,14,48
gyumao,牛魔王,,l4,巨力推斧,0.38333333333333336,0.13333333333333333,0.5333333333333333,13,2.9,0.3,0.12,4,0,5,mid,"{""hit"": [""special"", ""ult"", ""dash""], ""block"": [], ""whiff"": []}",,,,,,12,,,,46,16,64
gyumao,牛魔王,,h1,巨斧横扫,0.4,0.15,0.5833333333333334,15,3.2,0.3,0.12,0.45,0,5,mid,"{""hit"": [""light"", ""heavy"", ""special"", ""ult"", ""dash"", ""pursuit""], ""block"": [], ""whiff"": []}",,,True,,,12,,,,48,18,70
gyumao,牛魔王,,h2,双手纵劈,0.45,0.11666666666666667,0.6,18,3.3,0.3,0.12,0.45,0,5,mid,"{""hit"": [""light"", ""heavy"", ""special"", ""ult"", ""dash"", ""pursuit""], ""block"": [], ""whiff"": []}",,,True,,,12,,True,,54,14,72
gyumao,牛魔王,,h3,重斧逆扫,0.48333333333333334,0.13333333333333333,0.6333333333333333,20,3.2,0.3,0.12,0.45,0,5,mid,"{""hit"": [""light"", ""heavy"", ""special"", ""ult"", ""dash"", ""pursuit""], ""block"": [], ""whiff"": []}",,,,,,12,,,,58,16,76
gyumao,牛魔王,,h4,破山纵斧,0.5666666666666667,0.15,0.75,26,3.5,0.3,0.12,7,0,5,mid,"{""hit"": [""special"", ""ult"", ""dash""], ""block"": [], ""whiff"": []}",,,True,,,12,,,,68,18,90
gyumao,牛魔王,,launcher,反空 W+K,0.22,0.1,0.4,9,2.2,0.58,0.12,0.7,0,5,mid,"{""hit"": [""pursuit"", ""special"", ""ult"", ""dash""], ""block"": [], ""whiff"": []}",,,True,,,12,5.2,,,27,12,48
gyumao,牛魔王,,sweep,下段 S+K,0.25,0.11,0.43,10,2.8,0.5,0.12,2,0,5,low,"{""hit"": [""special"", ""ult"", ""dash""], ""block"": [], ""whiff"": []}",,,True,,,12,,True,,30,14,52
gyumao,牛魔王,,throw,重斧柄抛投,0.24,0.055,0.5,16,1.8,0.65,0.13,5,0,6,mid,"{""hit"": [], ""block"": [], ""whiff"": []}",,,,,,,,,,29,7,60
gyumao,牛魔王,,special,巨斧震地,0.55,0.18,0.75,19,3.4,0.48,0.13,4,30,,mid,"{""hit"": [], ""block"": [], ""whiff"": []}",,,,,2.8,34,,,ground,66,22,90
gyumao,牛魔王,,ult,巨斧连环破,0.7,0.72,0.95,13,3.5,0.36,0.13,1,100,,mid,"{""hit"": [], ""block"": [], ""whiff"": []}","[0, 0.25, 0.5]",,,,,,,,axe,84,87,114
chichi,琪琪,,l1,快掌,0.06666666666666667,0.06666666666666667,0.15,4,1.15,0.3,0.12,0.45,0,5,mid,"{""hit"": [""light"", ""heavy"", ""special"", ""ult"", ""dash"", ""pursuit""], ""block"": [""heavy""], ""whiff"": []}",,,,,,12,,,,8,8,18
chichi,琪琪,,l2,双掌,0.08333333333333333,0.06666666666666667,0.16666666666666666,5,1.16,0.3,0.12,0.45,0,5,mid,"{""hit"": [""light"", ""heavy"", ""special"", ""ult"", ""dash"", ""pursuit""], ""block"": [""heavy""], ""whiff"": []}",,,,,,12,,,,10,8,20
chichi,琪琪,,l3,前踢,0.11666666666666667,0.08333333333333333,0.21666666666666667,6,1.35,0.3,0.12,0.45,0,5,mid,"{""hit"": [""light"", ""heavy"", ""special"", ""ult"", ""dash"", ""pursuit""], ""block"": [""heavy""], ""whiff"": []}",,,,,,12,,,,14,10,26
chichi,琪琪,,l4,回旋踢,0.16666666666666666,0.1,0.36666666666666664,9,1.4,0.3,0.12,3,0,5,mid,"{""hit"": [""special"", ""ult"", ""dash""], ""block"": [], ""whiff"": []}",,,,,,12,,,,20,12,44
chichi,琪琪,,h1,头盔撞击,0.18333333333333332,0.08333333333333333,0.35,9,1.2,0.3,0.12,0.45,0,5,mid,"{""hit"": [""light"", ""heavy"", ""special"", ""ult"", ""dash"", ""pursuit""], ""block"": [], ""whiff"": []}",,,,,,12,,,,22,10,42
chichi,琪琪,,h2,凌空踢,0.2,0.1,0.4,11,1.5,0.3,0.12,0.45,0,5,mid,"{""hit"": [""light"", ""heavy"", ""special"", ""ult"", ""dash"", ""pursuit""], ""block"": [], ""whiff"": []}",,,,,,12,,,,24,12,48
chichi,琪琪,,h3,掌踢衔接,0.23333333333333334,0.1,0.4166666666666667,13,1.3,0.3,0.12,0.45,0,5,mid,"{""hit"": [""light"", ""heavy"", ""special"", ""ult"", ""dash"", ""pursuit""], ""block"": [], ""whiff"": []}",,,,,,12,,,,28,12,50
chichi,琪琪,,h4,翻身踢,0.31666666666666665,0.1,0.5,17,1.55,0.3,0.12,5,0,5,mid,"{""hit"": [""special"", ""ult"", ""dash""], ""block"": [], ""whiff"": []}",,,,,,12,,,,38,12,60
chichi,琪琪,,launcher,反空 W+K,0.22,0.1,0.4,9,1.6,0.58,0.12,0.7,0,5,mid,"{""hit"": [""pursuit"", ""special"", ""ult"", ""dash""], ""block"": [], ""whiff"": []}",,,,,,12,5.2,,,27,12,48
chichi,琪琪,,sweep,下段 S+K,0.25,0.11,0.43,10,1.6,0.5,0.12,2,0,5,low,"{""hit"": [""special"", ""ult"", ""dash""], ""block"": [], ""whiff"": []}",,,,,,12,,True,,30,14,52
chichi,琪琪,,throw,头盔绊投,0.16,0.055,0.5,10,1.2,0.65,0.13,5,0,6,mid,"{""hit"": [], ""block"": [], ""whiff"": []}",,,,,,,,,,20,7,60
chichi,琪琪,,special,回旋刃投掷,0.23,0.05,0.4,7,6,0.2,0.13,0.5,30,,mid,"{""hit"": [], ""block"": [], ""whiff"": []}",,blade,,,2.4,,,,ability,28,6,48
chichi,琪琪,,ult,头盔光束连击,0.25,0.23,0.65,12,1.6,0.34,0.13,0.7,100,,mid,"{""hit"": [], ""block"": [], ""whiff"": []}",,helmet,,,,,,,kick,30,28,78
bulma,布尔玛,,l1,推开,0.11666666666666667,0.06666666666666667,0.23333333333333334,3,1.2,0.3,0.12,0.45,0,5,mid,"{""hit"": [""light"", ""heavy"", ""special"", ""ult"", ""dash"", ""pursuit""], ""block"": [""heavy""], ""whiff"": []}",,,,,,12,,,,14,8,28
bulma,布尔玛,,l2,手包挥击,0.13333333333333333,0.06666666666666667,0.26666666666666666,4,1.25,0.3,0.12,0.45,0,5,mid,"{""hit"": [""light"", ""heavy"", ""special"", ""ult"", ""dash"", ""pursuit""], ""block"": [""heavy""], ""whiff"": []}",,,,,,12,,,,16,8,32
bulma,布尔玛,,l3,自卫踢,0.18333333333333332,0.08333333333333333,0.3333333333333333,5,1.4,0.3,0.12,0.45,0,5,mid,"{""hit"": [""light"", ""heavy"", ""special"", ""ult"", ""dash"", ""pursuit""], ""block"": [""heavy""], ""whiff"": []}",,,,,,12,,,,22,10,40
bulma,布尔玛,,l4,逃脱推击,0.23333333333333334,0.08333333333333333,0.4666666666666667,7,1.3,0.3,0.12,4,0,5,mid,"{""hit"": [""special"", ""ult"", ""dash""], ""block"": [], ""whiff"": []}",,,,,,12,,,,28,10,56
bulma,布尔玛,,h1,电击枪托,0.25,0.08333333333333333,0.43333333333333335,7,1.3,0.3,0.12,0.45,0,5,mid,"{""hit"": [""light"", ""heavy"", ""special"", ""ult"", ""dash"", ""pursuit""], ""block"": [], ""whiff"": []}",,,,,,12,,,,30,10,52
bulma,布尔玛,,h2,警戒踢,0.2833333333333333,0.08333333333333333,0.48333333333333334,8,1.4,0.3,0.12,0.45,0,5,mid,"{""hit"": [""light"", ""heavy"", ""special"", ""ult"", ""dash"", ""pursuit""], ""block"": [], ""whiff"": []}",,,,,,12,,,,34,10,58
bulma,布尔玛,,h3,胶囊重掷,0.3333333333333333,0.08333333333333333,0.5166666666666667,10,2.3,0.3,0.12,0.45,0,5,mid,"{""hit"": [""light"", ""heavy"", ""special"", ""ult"", ""dash"", ""pursuit""], ""block"": [], ""whiff"": []}",,grenade,,,,12,,,ability,40,10,62
bulma,布尔玛,,h4,闪光撤退,0.43333333333333335,0.1,0.5833333333333334,11,2.3,0.3,0.12,0.45,0,5,mid,"{""hit"": [""special"", ""ult"", ""dash""], ""block"": [], ""whiff"": []}",,grenade,,,,12,,,ability,52,12,70
bulma,布尔玛,,launcher,反空 W+K,0.22,0.1,0.4,9,1.6,0.58,0.12,0.7,0,5,mid,"{""hit"": [""pursuit"", ""special"", ""ult"", ""dash""], ""block"": [], ""whiff"": []}",,,,,,12,5.2,,,27,12,48
bulma,布尔玛,,sweep,下段 S+K,0.25,0.11,0.43,10,1.6,0.5,0.12,2,0,5,low,"{""hit"": [""special"", ""ult"", ""dash""], ""block"": [], ""whiff"": []}",,,,,,12,,True,,30,14,52
bulma,布尔玛,,throw,自卫绊倒,0.16,0.055,0.5,7,1.2,0.65,0.13,5,0,6,mid,"{""hit"": [], ""block"": [], ""whiff"": []}",,,,,,,,,,20,7,60
bulma,布尔玛,,special,万能胶囊部署,0.55,0.025,0.45,0,5,0.1,0.13,0,30,,mid,"{""hit"": [], ""block"": [], ""whiff"": []}",,device,,,4.5,,,,ability,66,3,54
bulma,布尔玛,,ult,胶囊连锁机关,0.8,0.06,0.8,0,7,0.2,0.13,0,100,,mid,"{""hit"": [], ""block"": [], ""whiff"": []}",,deviceChain,,,,,,,ability,96,8,96
chiaotzu,饺子,,l1,小幅指击,0.08333333333333333,0.06666666666666667,0.18333333333333332,3,1.05,0.3,0.12,0.45,0,5,mid,"{""hit"": [""light"", ""heavy"", ""special"", ""ult"", ""dash"", ""pursuit""], ""block"": [""heavy""], ""whiff"": []}",,,,,,12,,,,10,8,22
chiaotzu,饺子,,l2,反手触击,0.1,0.06666666666666667,0.2,4,1.05,0.3,0.12,0.45,0,5,mid,"{""hit"": [""light"", ""heavy"", ""special"", ""ult"", ""dash"", ""pursuit""], ""block"": [""heavy""], ""whiff"": []}",,,,,,12,,,,12,8,24
chiaotzu,饺子,,l3,悬浮踢,0.13333333333333333,0.08333333333333333,0.25,5,1.15,0.3,0.12,0.45,0,5,mid,"{""hit"": [""light"", ""heavy"", ""special"", ""ult"", ""dash"", ""pursuit""], ""block"": [""heavy""], ""whiff"": []}",,,,,,12,,,,16,10,30
chiaotzu,饺子,,l4,念力推掌,0.2,0.1,0.4,8,1.6,0.3,0.12,3,0,5,mid,"{""hit"": [""special"", ""ult"", ""dash""], ""block"": [], ""whiff"": []}",,,,,,12,,,,24,12,48
chiaotzu,饺子,,h1,双掌推力,0.23333333333333334,0.1,0.43333333333333335,8,1.6,0.3,0.12,0.45,0,5,mid,"{""hit"": [""light"", ""heavy"", ""special"", ""ult"", ""dash"", ""pursuit""], ""block"": [], ""whiff"": []}",,,,,,12,,,,28,12,52
chiaotzu,饺子,,h2,低空腿击,0.25,0.1,0.45,10,1.3,0.3,0.12,0.45,0,5,mid,"{""hit"": [""light"", ""heavy"", ""special"", ""ult"", ""dash"", ""pursuit""], ""block"": [], ""whiff"": []}",,,,,,12,,,,30,12,54
chiaotzu,饺子,,h3,念力压掌,0.3,0.1,0.5,12,1.7,0.3,0.12,0.45,0,5,mid,"{""hit"": [""light"", ""heavy"", ""special"", ""ult"", ""dash"", ""pursuit""], ""block"": [], ""whiff"": []}",,,,,,12,,,,36,12,60
chiaotzu,饺子,,h4,悬空震掌,0.4,0.11666666666666667,0.5833333333333334,17,1.8,0.3,0.12,4,0,5,mid,"{""hit"": [""special"", ""ult"", ""dash""], ""block"": [], ""whiff"": []}",,,,,,12,,,,48,14,70
chiaotzu,饺子,,launcher,反空 W+K,0.22,0.1,0.4,9,1.6,0.58,0.12,0.7,0,5,mid,"{""hit"": [""pursuit"", ""special"", ""ult"", ""dash""], ""block"": [], ""whiff"": []}",,,,,,12,5.2,,,27,12,48
chiaotzu,饺子,,sweep,下段 S+K,0.25,0.11,0.43,10,1.6,0.5,0.12,2,0,5,low,"{""hit"": [""special"", ""ult"", ""dash""], ""block"": [], ""whiff"": []}",,,,,,12,,True,,30,14,52
chiaotzu,饺子,,throw,念力推投,0.16,0.055,0.5,10,1.2,0.65,0.13,5,0,6,mid,"{""hit"": [], ""block"": [], ""whiff"": []}",,,,,,,,,,20,7,60
chiaotzu,饺子,,special,念力束缚,0.42,0.09,0.48,2,3.6,0.18,0.13,0,30,,mid,"{""hit"": [], ""block"": [], ""whiff"": []}",,,,0.48,6,,,,beam,51,11,58
chiaotzu,饺子,,ult,鹤仙流念力连击,0.62,0.12,0.8,5,4,0.25,0.13,0.2,100,,mid,"{""hit"": [], ""block"": [], ""whiff"": []}",,psychicVolley,,0.55,,,,,beam,75,15,96
oolong,乌龙,,l1,慌张拍击,0.1,0.06666666666666667,0.2,4,1.1,0.3,0.12,0.45,0,5,mid,"{""hit"": [""light"", ""heavy"", ""special"", ""ult"", ""dash"", ""pursuit""], ""block"": [""heavy""], ""whiff"": []}",,,,,,12,,,,12,8,24
oolong,乌龙,,l2,猪掌连拍,0.11666666666666667,0.06666666666666667,0.21666666666666667,5,1.15,0.3,0.12,0.45,0,5,mid,"{""hit"": [""light"", ""heavy"", ""special"", ""ult"", ""dash"", ""pursuit""], ""block"": [""heavy""], ""whiff"": []}",,,,,,12,,,,14,8,26
oolong,乌龙,,l3,短腿踢,0.15,0.08333333333333333,0.3,6,1.2,0.3,0.12,0.45,0,5,mid,"{""hit"": [""light"", ""heavy"", ""special"", ""ult"", ""dash"", ""pursuit""], ""block"": [""heavy""], ""whiff"": []}",,,,,,12,,,,18,10,36
oolong,乌龙,,l4,肚皮顶击,0.21666666666666667,0.1,0.43333333333333335,9,1.4,0.3,0.12,3,0,5,mid,"{""hit"": [""special"", ""ult"", ""dash""], ""block"": [], ""whiff"": []}",,,,,,12,,,,26,12,52
oolong,乌龙,,h1,肚皮冲撞,0.2833333333333333,0.1,0.4666666666666667,10,1.5,0.3,0.12,0.45,0,5,mid,"{""hit"": [""light"", ""heavy"", ""special"", ""ult"", ""dash"", ""pursuit""], ""block"": [], ""whiff"": []}",,,,,,12,,,,34,12,56
oolong,乌龙,,h2,全力挥掌,0.3,0.1,0.48333333333333334,12,1.4,0.3,0.12,0.45,0,5,mid,"{""hit"": [""light"", ""heavy"", ""special"", ""ult"", ""dash"", ""pursuit""], ""block"": [], ""whiff"": []}",,,,,,12,,,,36,12,58
oolong,乌龙,,h3,低身横撞,0.3333333333333333,0.1,0.5333333333333333,14,1.6,0.3,0.12,0.45,0,5,low,"{""hit"": [""light"", ""heavy"", ""special"", ""ult"", ""dash"", ""pursuit""], ""block"": [], ""whiff"": []}",,,,,,12,,,,40,12,64
oolong,乌龙,,h4,扑倒奇袭,0.43333333333333335,0.11666666666666667,0.6166666666666667,19,1.7,0.3,0.12,0.45,0,5,mid,"{""hit"": [""special"", ""ult"", ""dash""], ""block"": [], ""whiff"": []}",,,,,,12,,True,,52,14,74
oolong,乌龙,,launcher,反空 W+K,0.22,0.1,0.4,9,1.6,0.58,0.12,0.7,0,5,mid,"{""hit"": [""pursuit"", ""special"", ""ult"", ""dash""], ""block"": [], ""whiff"": []}",,,,,,12,5.2,,,27,12,48
oolong,乌龙,,sweep,下段 S+K,0.25,0.11,0.43,10,1.6,0.5,0.12,2,0,5,low,"{""hit"": [""special"", ""ult"", ""dash""], ""block"": [], ""whiff"": []}",,,,,,12,,True,,30,14,52
oolong,乌龙,,throw,猪扑绊投,0.16,0.055,0.5,10,1.2,0.65,0.13,5,0,6,mid,"{""hit"": [], ""block"": [], ""whiff"": []}",,,,,,,,,,20,7,60
oolong,乌龙,,special,变化术,0.32,0.025,0.27,0,1,0,0.13,0,30,,mid,"{""hit"": [], ""block"": [], ""whiff"": []}",,transform,,,0,,,,ability,39,3,33
oolong,乌龙,,ult,连续变身奇袭,0.4,0.06,0.6,0,4,0.3,0.13,0,100,,mid,"{""hit"": [], ""block"": [], ""whiff"": []}",,transformRush,,,,,,,ability,48,8,72
korin,猫仙人,,l1,猫爪,0.05,0.05,0.15,3,1.05,0.3,0.12,0.45,0,5,mid,"{""hit"": [""light"", ""heavy"", ""special"", ""ult"", ""dash"", ""pursuit""], ""block"": [""heavy""], ""whiff"": []}",,,,,,12,,,,6,6,18
korin,猫仙人,,l2,双爪,0.06666666666666667,0.06666666666666667,0.16666666666666666,4,1.08,0.3,0.12,0.45,0,5,mid,"{""hit"": [""light"", ""heavy"", ""special"", ""ult"", ""dash"", ""pursuit""], ""block"": [""heavy""], ""whiff"": []}",,,,,,12,,,,8,8,20
korin,猫仙人,,l3,短杖点打,0.1,0.08333333333333333,0.21666666666666667,5,1.45,0.3,0.12,0.45,0,5,mid,"{""hit"": [""light"", ""heavy"", ""special"", ""ult"", ""dash"", ""pursuit""], ""block"": [""heavy""], ""whiff"": []}",,,,,,12,,,,12,10,26
korin,猫仙人,,l4,猫步反杖,0.15,0.08333333333333333,0.36666666666666664,8,1.5,0.3,0.12,2.5,0,5,mid,"{""hit"": [""special"", ""ult"", ""dash""], ""block"": [], ""whiff"": []}",,,,,,12,,,,18,10,44
korin,猫仙人,,h1,杖头轻敲,0.16666666666666666,0.08333333333333333,0.38333333333333336,8,1.45,0.3,0.12,0.45,0,5,mid,"{""hit"": [""light"", ""heavy"", ""special"", ""ult"", ""dash"", ""pursuit""], ""block"": [], ""whiff"": []}",,,,,,12,,,,20,10,46
korin,猫仙人,,h2,短杖扫腿,0.21666666666666667,0.1,0.43333333333333335,10,1.5,0.3,0.12,0.45,0,5,low,"{""hit"": [""light"", ""heavy"", ""special"", ""ult"", ""dash"", ""pursuit""], ""block"": [], ""whiff"": []}",,,,,,12,,,,26,12,52
korin,猫仙人,,h3,猫爪反击,0.23333333333333334,0.1,0.45,12,1.1,0.3,0.12,0.45,0,5,mid,"{""hit"": [""light"", ""heavy"", ""special"", ""ult"", ""dash"", ""pursuit""], ""block"": [], ""whiff"": []}",,,,,,12,,,,28,12,54
korin,猫仙人,,h4,双手杖压,0.3,0.1,0.5166666666666667,16,1.55,0.3,0.12,4,0,5,mid,"{""hit"": [""special"", ""ult"", ""dash""], ""block"": [], ""whiff"": []}",,,,,,12,,,,36,12,62
korin,猫仙人,,launcher,反空 W+K,0.22,0.1,0.4,9,1.6,0.58,0.12,0.7,0,5,mid,"{""hit"": [""pursuit"", ""special"", ""ult"", ""dash""], ""block"": [], ""whiff"": []}",,,,,,12,5.2,,,27,12,48
korin,猫仙人,,sweep,下段 S+K,0.25,0.11,0.43,10,1.6,0.5,0.12,2,0,5,low,"{""hit"": [""special"", ""ult"", ""dash""], ""block"": [], ""whiff"": []}",,,,,,12,,True,,30,14,52
korin,猫仙人,,throw,猫步杖绊,0.16,0.055,0.5,10,1.2,0.65,0.13,5,0,6,mid,"{""hit"": [], ""block"": [], ""whiff"": []}",,,,,,,,,,20,7,60
korin,猫仙人,,special,卡林残像步,0.12,0.025,0.28,0,1,0,0.13,0,30,,mid,"{""hit"": [], ""block"": [], ""whiff"": []}",,catStep,,,2.6,,,,ability,15,3,34
korin,猫仙人,,ult,超圣水试炼,0.25,0.6,0.7,7,1.65,0.23,0.13,0.4,100,,mid,"{""hit"": [], ""block"": [], ""whiff"": []}","[0, 0.18, 0.36, 0.54]",trial,,,,,,,cane,30,72,84
pilaf,皮尔夫大王,,l1,机械拳,0.16666666666666666,0.08333333333333333,0.26666666666666666,5,2.1,0.3,0.12,0.45,0,5,mid,"{""hit"": [""light"", ""heavy"", ""special"", ""ult"", ""dash"", ""pursuit""], ""block"": [""heavy""], ""whiff"": []}",,,,,,12,,,,20,10,32
pilaf,皮尔夫大王,,l2,反手机械拳,0.18333333333333332,0.08333333333333333,0.3,6,2.15,0.3,0.12,0.45,0,5,mid,"{""hit"": [""light"", ""heavy"", ""special"", ""ult"", ""dash"", ""pursuit""], ""block"": [""heavy""], ""whiff"": []}",,,,,,12,,,,22,10,36
pilaf,皮尔夫大王,,l3,机甲肩撞,0.23333333333333334,0.1,0.38333333333333336,8,2.3,0.3,0.12,0.45,0,5,mid,"{""hit"": [""light"", ""heavy"", ""special"", ""ult"", ""dash"", ""pursuit""], ""block"": [""heavy""], ""whiff"": []}",,,,,,12,,,,28,12,46
pilaf,皮尔夫大王,,l4,双臂压击,0.31666666666666665,0.11666666666666667,0.5,12,2.4,0.3,0.12,4,0,5,mid,"{""hit"": [""special"", ""ult"", ""dash""], ""block"": [], ""whiff"": []}",,,,,,12,,,,38,14,60
pilaf,皮尔夫大王,,h1,重型机械拳,0.3333333333333333,0.1,0.5166666666666667,13,2.5,0.3,0.12,0.45,0,5,mid,"{""hit"": [""light"", ""heavy"", ""special"", ""ult"", ""dash"", ""pursuit""], ""block"": [], ""whiff"": []}",,,,,,12,,,,40,12,62
pilaf,皮尔夫大王,,h2,装甲冲撞,0.38333333333333336,0.11666666666666667,0.5666666666666667,15,2.6,0.3,0.12,0.45,0,5,mid,"{""hit"": [""light"", ""heavy"", ""special"", ""ult"", ""dash"", ""pursuit""], ""block"": [], ""whiff"": []}",,,,,,12,,,,46,14,68
pilaf,皮尔夫大王,,h3,双臂重压,0.43333333333333335,0.11666666666666667,0.6,18,2.6,0.3,0.12,0.45,0,5,mid,"{""hit"": [""light"", ""heavy"", ""special"", ""ult"", ""dash"", ""pursuit""], ""block"": [], ""whiff"": []}",,,,,,12,,,,52,14,72
pilaf,皮尔夫大王,,h4,机甲全力打击,0.5,0.13333333333333333,0.6666666666666666,24,2.7,0.3,0.12,6,0,5,mid,"{""hit"": [""special"", ""ult"", ""dash""], ""block"": [], ""whiff"": []}",,,,,,12,,,,60,16,80
pilaf,皮尔夫大王,,launcher,反空 W+K,0.22,0.1,0.4,9,1.6,0.58,0.12,0.7,0,5,mid,"{""hit"": [""pursuit"", ""special"", ""ult"", ""dash""], ""block"": [], ""whiff"": []}",,,,,,12,5.2,,,27,12,48
pilaf,皮尔夫大王,,sweep,下段 S+K,0.25,0.11,0.43,10,1.6,0.5,0.12,2,0,5,low,"{""hit"": [""special"", ""ult"", ""dash""], ""block"": [], ""whiff"": []}",,,,,,12,,True,,30,14,52
pilaf,皮尔夫大王,,throw,机械钳投,0.16,0.055,0.5,10,1.8,0.65,0.13,5,0,6,mid,"{""hit"": [], ""block"": [], ""whiff"": []}",,,,,,,,,,20,7,60
pilaf,皮尔夫大王,,special,机甲武装,0.4,0.025,0.45,0,1,0,0.13,0,30,,mid,"{""hit"": [], ""block"": [], ""whiff"": []}",,armMode,,,5,,,,ability,48,3,54
pilaf,皮尔夫大王,,ult,皮尔夫三机合体突击,0.9,0.06,1,0,7,0.3,0.13,0,100,,mid,"{""hit"": [], ""block"": [], ""whiff"": []}",,combine,,,,,,,ability,108,8,120
goku,,F,kiBlast,气弹,0.1,0.025,0.25,4,10,0.12,0.09,,5,,,"{""hit"": [], ""block"": [], ""whiff"": []}",,,,,,,,,kiBall,,,
goku,,F hold .9s,kiBlast,蓄力气弹,0.16,0.025,0.42,16,10,0.3,0.09,,20,,,"{""hit"": [], ""block"": [], ""whiff"": []}",,,,,,,,,kiBall,,,
goku,,W+K,launcher,,0.17,0.09,0.31,10,1.3299999999999998,0.66,0.2,,0,,,"{""hit"": [""pursuit"", ""dash"", ""special"", ""ult""], ""block"": [], ""whiff"": []}",,,False,,,,,,,,,
goku,,W+R,special,如意挑空,0.26,0.1,0.42,14,2.65,0.55,0.13,,30,,,"{""hit"": [""ult""], ""block"": [], ""whiff"": []}",,,,,,,,,,,,
goku,,S+K,sweep,,0.18,0.09,0.35,11,1.52,0.6,0.2,,0,,,"{""hit"": [""pursuit"", ""dash"", ""special"", ""ult""], ""block"": [], ""whiff"": []}",,,False,,,,,,,,,
goku,,S+R,special,如意延伸,0.24,0.1,0.37,14,2.8,0.38,0.13,,30,,,"{""hit"": [""ult""], ""block"": [], ""whiff"": []}",,,,,,,,,,,,
roshi,,F,kiBlast,气弹,0.1,0.025,0.25,4,10,0.12,0.09,,5,,,"{""hit"": [], ""block"": [], ""whiff"": []}",,,,,,,,,kiBall,,,
roshi,,F hold .9s,kiBlast,蓄力气弹,0.16,0.025,0.42,16,10,0.3,0.09,,20,,,"{""hit"": [], ""block"": [], ""whiff"": []}",,,,,,,,,kiBall,,,
roshi,,W+K,launcher,,0.17,0.09,0.31,10,1.456,0.66,0.2,,0,,,"{""hit"": [""pursuit"", ""dash"", ""special"", ""ult""], ""block"": [], ""whiff"": []}",,,False,,,,,,,,,
roshi,,W+R,special,龟仙反掌,0.15,0.1,0.36,11,1.8,0.44,0.13,,30,,,"{""hit"": [""ult""], ""block"": [], ""whiff"": []}",,,True,,,,,,,,,
roshi,,S+K,sweep,,0.18,0.09,0.35,11,1.6640000000000001,0.6,0.2,,0,,,"{""hit"": [""pursuit"", ""dash"", ""special"", ""ult""], ""block"": [], ""whiff"": []}",,,False,,,,,,,,,
roshi,,S+R,special,龟仙反掌,0.15,0.1,0.36,11,1.8,0.44,0.13,,30,,,"{""hit"": [""ult""], ""block"": [], ""whiff"": []}",,,True,,,,,,,,,
taopaipai,,F,kiBlast,气弹,0.1,0.025,0.25,4,10,0.12,0.09,,5,,,"{""hit"": [], ""block"": [], ""whiff"": []}",,,,,,,,,kiBall,,,
taopaipai,,F hold .9s,kiBlast,蓄力气弹,0.16,0.025,0.42,16,10,0.3,0.09,,20,,,"{""hit"": [], ""block"": [], ""whiff"": []}",,,,,,,,,kiBall,,,
taopaipai,,W+K,launcher,,0.17,0.09,0.31,10,1.666,0.66,0.2,,0,,,"{""hit"": [""pursuit"", ""dash"", ""special"", ""ult""], ""block"": [], ""whiff"": []}",,,False,,,,,,,,,
taopaipai,,W+R,special,杀手突掌,0.12,0.08,0.4,13,1.8,0.31,0.13,,30,,,"{""hit"": [""ult""], ""block"": [], ""whiff"": []}",,,,,,,,,,,,
taopaipai,,S+K,sweep,,0.18,0.09,0.35,11,1.904,0.6,0.2,,0,,,"{""hit"": [""pursuit"", ""dash"", ""special"", ""ult""], ""block"": [], ""whiff"": []}",,,False,,,,,,,,,
taopaipai,,S+R,special,杀手后撤掌,0.12,0.08,0.4,13,1.8,0.31,0.13,,30,,,"{""hit"": [""ult""], ""block"": [], ""whiff"": []}",,,,,,,,,,,,
piccolo,,F,kiBlast,气弹,0.1,0.025,0.25,4,10,0.12,0.09,,5,,,"{""hit"": [], ""block"": [], ""whiff"": []}",,,,,,,,,kiBall,,,
piccolo,,F hold .9s,kiBlast,蓄力气弹,0.16,0.025,0.42,16,10,0.3,0.09,,20,,,"{""hit"": [], ""block"": [], ""whiff"": []}",,,,,,,,,kiBall,,,
piccolo,,W+K,launcher,,0.17,0.09,0.31,10,2.072,0.66,0.2,,0,,,"{""hit"": [""pursuit"", ""dash"", ""special"", ""ult""], ""block"": [], ""whiff"": []}",,,False,,,,,,,,,
piccolo,,W+R,special,魔王震掌,0.38,0.15,0.53,18,2.2,0.45,0.13,,30,,,"{""hit"": [""ult""], ""block"": [], ""whiff"": []}",,,True,,,,,,,,,
piccolo,,S+K,sweep,,0.18,0.09,0.35,11,2.368,0.6,0.2,,0,,,"{""hit"": [""pursuit"", ""dash"", ""special"", ""ult""], ""block"": [], ""whiff"": []}",,,False,,,,,,,,,
piccolo,,S+R,special,魔王震掌,0.38,0.15,0.53,18,2.2,0.45,0.13,,30,,,"{""hit"": [""ult""], ""block"": [], ""whiff"": []}",,,True,,,,,,,,,
tien,,F,kiBlast,气弹,0.1,0.025,0.25,4,10,0.12,0.09,,5,,,"{""hit"": [], ""block"": [], ""whiff"": []}",,,,,,,,,kiBall,,,
tien,,F hold .9s,kiBlast,蓄力气弹,0.16,0.025,0.42,16,10,0.3,0.09,,20,,,"{""hit"": [], ""block"": [], ""whiff"": []}",,,,,,,,,kiBall,,,
tien,,W+K,launcher,,0.17,0.09,0.31,10,2.1,0.66,0.2,,0,,,"{""hit"": [""pursuit"", ""dash"", ""special"", ""ult""], ""block"": [], ""whiff"": []}",,,False,,,,,,,,,
tien,,W+R,special,鹤流挑掌,0.18,0.13,0.42,12,1.9,0.6,0.13,,30,,,"{""hit"": [""ult""], ""block"": [], ""whiff"": []}",,,,,,,,,,,,
tien,,S+K,sweep,,0.18,0.09,0.35,11,2.048,0.6,0.2,,0,,,"{""hit"": [""pursuit"", ""dash"", ""special"", ""ult""], ""block"": [], ""whiff"": []}",,,False,,,,,,,,,
tien,,S+R,special,鹤流挑掌,0.18,0.13,0.42,12,1.9,0.6,0.13,,30,,,"{""hit"": [""ult""], ""block"": [], ""whiff"": []}",,,,,,,,,,,,
krillin,,F,kiBlast,气弹,0.1,0.025,0.25,4,10,0.12,0.09,,5,,,"{""hit"": [], ""block"": [], ""whiff"": []}",,,,,,,,,kiBall,,,
krillin,,F hold .9s,kiBlast,蓄力气弹,0.16,0.025,0.42,16,10,0.3,0.09,,20,,,"{""hit"": [], ""block"": [], ""whiff"": []}",,,,,,,,,kiBall,,,
krillin,,W+K,launcher,,0.17,0.09,0.31,10,1.1059999999999999,0.66,0.2,,0,,,"{""hit"": [""pursuit"", ""dash"", ""special"", ""ult""], ""block"": [], ""whiff"": []}",,,False,,,,,,,,,
krillin,,W+R,special,低身疾踢,0.12,0.1,0.32,10,1.45,0.4,0.13,,30,,,"{""hit"": [""ult""], ""block"": [], ""whiff"": []}",,,,,,,,,,,,
krillin,,S+K,sweep,,0.18,0.09,0.35,11,1.2640000000000002,0.6,0.2,,0,,,"{""hit"": [""pursuit"", ""dash"", ""special"", ""ult""], ""block"": [], ""whiff"": []}",,,False,,,,,,,,,
krillin,,S+R,special,低身疾踢,0.12,0.1,0.32,10,1.45,0.4,0.13,,30,,,"{""hit"": [""ult""], ""block"": [], ""whiff"": []}",,,,,,,,,,,,
krillin,,S+U,ult,,0.48,0.16,0.62,27,6,0.95,0.13,,100,,,"{""hit"": [], ""block"": [], ""whiff"": []}",,,,,,,,,beam,,,
yamcha,,F,kiBlast,气弹,0.1,0.025,0.25,4,10,0.12,0.09,,5,,,"{""hit"": [], ""block"": [], ""whiff"": []}",,,,,,,,,kiBall,,,
yamcha,,F hold .9s,kiBlast,蓄力气弹,0.16,0.025,0.42,16,10,0.3,0.09,,20,,,"{""hit"": [], ""block"": [], ""whiff"": []}",,,,,,,,,kiBall,,,
yamcha,,W+K,launcher,,0.17,0.09,0.31,10,1.666,0.66,0.2,,0,,,"{""hit"": [""pursuit"", ""dash"", ""special"", ""ult""], ""block"": [], ""whiff"": []}",,,False,,,,,,,,,
yamcha,,W+R,special,狼牙突爪,0.15,0.27,0.4,5,1.65,0.21,0.13,,30,,,"{""hit"": [""ult""], ""block"": [], ""whiff"": []}","[0, 0.13]",,,,,,,,wolf,,,
yamcha,,S+K,sweep,,0.18,0.09,0.35,11,1.904,0.6,0.2,,0,,,"{""hit"": [""pursuit"", ""dash"", ""special"", ""ult""], ""block"": [], ""whiff"": []}",,,False,,,,,,,,,
yamcha,,S+R,special,狼牙突爪,0.15,0.27,0.4,5,1.65,0.21,0.13,,30,,,"{""hit"": [""ult""], ""block"": [], ""whiff"": []}","[0, 0.13]",,,,,,,,wolf,,,
gyumao,,W+K,launcher,斧柄挑空,0.22,0.1,0.4,9,2.2,0.58,0.12,,0,,,"{""hit"": [""pursuit"", ""special"", ""ult"", ""dash""], ""block"": [], ""whiff"": []}",,,True,,,,,,,,,
gyumao,,W+R,special,巨斧震地,0.55,0.18,0.75,19,3.4,0.48,0.13,,30,,,"{""hit"": [""ult""], ""block"": [], ""whiff"": []}",,,,,,,,,ground,,,
gyumao,,S+K,sweep,低斧横扫,0.25,0.11,0.43,10,2.8,0.5,0.12,,0,,,"{""hit"": [""special"", ""ult"", ""dash""], ""block"": [], ""whiff"": []}",,,True,,,,,,,,,
gyumao,,S+R,special,巨斧震地,0.55,0.18,0.75,19,3.4,0.48,0.13,,30,,,"{""hit"": [""ult""], ""block"": [], ""whiff"": []}",,,,,,,,,ground,,,
chichi,,F,equipment,头盔光束,0.16666666666666666,0.05,0.4,4,8,0.2,0.12,,8,,,"{""hit"": [], ""block"": [], ""whiff"": []}",,equipment,,,,,,,ability,,,
chichi,,W+K,launcher,反空上击,0.22,0.1,0.4,9,1.6,0.58,0.12,,0,,,"{""hit"": [""pursuit"", ""special"", ""ult"", ""dash""], ""block"": [], ""whiff"": []}",,,,,,,,,,,,
chichi,,W+R,special,回旋刃投掷,0.23,0.05,0.4,7,6,0.2,0.13,,30,,,"{""hit"": [""ult""], ""block"": [], ""whiff"": []}",,blade,,,,,,,ability,,,
chichi,,S+K,sweep,下段派生,0.25,0.11,0.43,10,1.6,0.5,0.12,,0,,,"{""hit"": [""special"", ""ult"", ""dash""], ""block"": [], ""whiff"": []}",,,,,,,,,,,,
chichi,,S+R,special,回旋刃投掷,0.23,0.05,0.4,7,6,0.2,0.13,,30,,,"{""hit"": [""ult""], ""block"": [], ""whiff"": []}",,blade,,,,,,,ability,,,
bulma,,F,equipment,科技手枪,0.16666666666666666,0.05,0.4,4,8,0.2,0.12,,5,,,"{""hit"": [], ""block"": [], ""whiff"": []}",,equipment,,,,,,,ability,,,
bulma,,W+K,launcher,自卫反空踢,0.22,0.1,0.4,9,1.6,0.58,0.12,,0,,,"{""hit"": [""pursuit"", ""special"", ""ult"", ""dash""], ""block"": [], ""whiff"": []}",,,,,,,,,,,,
bulma,,W+R,special,万能胶囊部署,0.55,0.025,0.45,0,5,0.1,0.13,,30,,,"{""hit"": [""ult""], ""block"": [], ""whiff"": []}",,device,,,,,,,ability,,,
bulma,,S+K,sweep,下段派生,0.25,0.11,0.43,10,1.6,0.5,0.12,,0,,,"{""hit"": [""special"", ""ult"", ""dash""], ""block"": [], ""whiff"": []}",,,,,,,,,,,,
bulma,,S+R,special,万能胶囊部署,0.55,0.025,0.45,0,5,0.1,0.13,,30,,,"{""hit"": [""ult""], ""block"": [], ""whiff"": []}",,device,,,,,,,ability,,,
chiaotzu,,F,equipment,洞洞波,0.16666666666666666,0.05,0.4,6,8,0.2,0.12,,5,,,"{""hit"": [], ""block"": [], ""whiff"": []}",,equipment,,,,,,,ability,,,
chiaotzu,,W+K,launcher,反空上击,0.22,0.1,0.4,9,1.6,0.58,0.12,,0,,,"{""hit"": [""pursuit"", ""special"", ""ult"", ""dash""], ""block"": [], ""whiff"": []}",,,,,,,,,,,,
chiaotzu,,W+R,special,念力束缚,0.42,0.09,0.48,2,3.6,0.18,0.13,,30,,,"{""hit"": [""blast"", ""ult""], ""block"": [], ""whiff"": []}",,,,,,,,,beam,,,
chiaotzu,,S+K,sweep,下段派生,0.25,0.11,0.43,10,1.6,0.5,0.12,,0,,,"{""hit"": [""special"", ""ult"", ""dash""], ""block"": [], ""whiff"": []}",,,,,,,,,,,,
chiaotzu,,S+R,special,念力束缚,0.42,0.09,0.48,2,3.6,0.18,0.13,,30,,,"{""hit"": [""blast"", ""ult""], ""block"": [], ""whiff"": []}",,,,,,,,,beam,,,
oolong,,W+K,launcher,反空上击,0.22,0.1,0.4,9,1.6,0.58,0.12,,0,,,"{""hit"": [""pursuit"", ""special"", ""ult"", ""dash""], ""block"": [], ""whiff"": []}",,,,,,,,,,,,
oolong,,W+R,special,变化术,0.32,0.025,0.27,0,1,0,0.13,,30,,,"{""hit"": [""ult""], ""block"": [], ""whiff"": []}",,transform,,,,,,,ability,,,
oolong,,S+K,sweep,下段派生,0.25,0.11,0.43,10,1.6,0.5,0.12,,0,,,"{""hit"": [""special"", ""ult"", ""dash""], ""block"": [], ""whiff"": []}",,,,,,,,,,,,
oolong,,S+R,special,变化术,0.32,0.025,0.27,0,1,0,0.13,,30,,,"{""hit"": [""ult""], ""block"": [], ""whiff"": []}",,transform,,,,,,,ability,,,
oolong,,bull light 1,l1,巨牛冲角 1,0.32,0.1,0.54,10,2.1,0.3,0.12,,0,,,"{""hit"": [""light"", ""heavy"", ""special"", ""ult"", ""dash"", ""pursuit""], ""block"": [""heavy""], ""whiff"": []}",,,False,,,,,,ram,,,
oolong,,bull light 2,l2,巨牛冲角 2,0.32,0.1,0.54,12,2.1,0.3,0.12,,0,,,"{""hit"": [""light"", ""heavy"", ""special"", ""ult"", ""dash"", ""pursuit""], ""block"": [""heavy""], ""whiff"": []}",,,False,,,,,,ram,,,
oolong,,bull light 3,l3,巨牛冲角 3,0.32,0.1,0.54,14,2.1,0.3,0.12,,0,,,"{""hit"": [""light"", ""heavy"", ""special"", ""ult"", ""dash"", ""pursuit""], ""block"": [""heavy""], ""whiff"": []}",,,False,,,,,,ram,,,
oolong,,bull light 4,l4,巨牛冲角 4,0.32,0.1,0.54,16,2.1,0.3,0.12,,0,,,"{""hit"": [""special"", ""ult"", ""dash""], ""block"": [], ""whiff"": []}",,,False,,,,,,ram,,,
oolong,,bull heavy 1,h1,巨牛冲角 1,0.32,0.1,0.54,18,2.1,0.3,0.12,,0,,,"{""hit"": [""light"", ""heavy"", ""special"", ""ult"", ""dash"", ""pursuit""], ""block"": [], ""whiff"": []}",,,True,,,,,,ram,,,
oolong,,bull heavy 2,h2,巨牛冲角 2,0.32,0.1,0.54,21,2.1,0.3,0.12,,0,,,"{""hit"": [""light"", ""heavy"", ""special"", ""ult"", ""dash"", ""pursuit""], ""block"": [], ""whiff"": []}",,,False,,,,,,ram,,,
oolong,,bull heavy 3,h3,巨牛冲角 3,0.32,0.1,0.54,24,2.1,0.3,0.12,,0,,,"{""hit"": [""light"", ""heavy"", ""special"", ""ult"", ""dash"", ""pursuit""], ""block"": [], ""whiff"": []}",,,False,,,,,,ram,,,
oolong,,bull heavy 4,h4,巨牛冲角 4,0.32,0.1,0.54,27,2.1,0.3,0.12,,0,,,"{""hit"": [""special"", ""ult"", ""dash""], ""block"": [], ""whiff"": []}",,,False,,,,,,ram,,,
oolong,,bat light 1,l1,蝙蝠翼拍 1,0.12,0.1,0.25,2,1,0.3,0.12,,0,,,"{""hit"": [""light"", ""heavy"", ""special"", ""ult"", ""dash"", ""pursuit""], ""block"": [""heavy""], ""whiff"": []}",,,False,,,,,,,,,
oolong,,bat light 2,l2,蝙蝠翼拍 2,0.12,0.1,0.25,2,1,0.3,0.12,,0,,,"{""hit"": [""light"", ""heavy"", ""special"", ""ult"", ""dash"", ""pursuit""], ""block"": [""heavy""], ""whiff"": []}",,,False,,,,,,,,,
oolong,,bat light 3,l3,蝙蝠翼拍 3,0.12,0.1,0.25,2,1,0.3,0.12,,0,,,"{""hit"": [""light"", ""heavy"", ""special"", ""ult"", ""dash"", ""pursuit""], ""block"": [""heavy""], ""whiff"": []}",,,False,,,,,,,,,
oolong,,bat light 4,l4,蝙蝠翼拍 4,0.12,0.1,0.25,2,1,0.3,0.12,,0,,,"{""hit"": [""special"", ""ult"", ""dash""], ""block"": [], ""whiff"": []}",,,False,,,,,,,,,
oolong,,bat heavy 1,h1,蝙蝠翼拍 1,0.12,0.1,0.25,2,1,0.3,0.12,,0,,,"{""hit"": [""light"", ""heavy"", ""special"", ""ult"", ""dash"", ""pursuit""], ""block"": [], ""whiff"": []}",,,False,,,,,,,,,
oolong,,bat heavy 2,h2,蝙蝠翼拍 2,0.12,0.1,0.25,2,1,0.3,0.12,,0,,,"{""hit"": [""light"", ""heavy"", ""special"", ""ult"", ""dash"", ""pursuit""], ""block"": [], ""whiff"": []}",,,False,,,,,,,,,
oolong,,bat heavy 3,h3,蝙蝠翼拍 3,0.12,0.1,0.25,2,1,0.3,0.12,,0,,,"{""hit"": [""light"", ""heavy"", ""special"", ""ult"", ""dash"", ""pursuit""], ""block"": [], ""whiff"": []}",,,False,,,,,,,,,
oolong,,bat heavy 4,h4,蝙蝠翼拍 4,0.12,0.1,0.25,2,1,0.3,0.12,,0,,,"{""hit"": [""special"", ""ult"", ""dash""], ""block"": [], ""whiff"": []}",,,False,,,,,,,,,
oolong,,robot light 1,l1,机器人虚张重拳 1,0.23,0.1,0.4,7,2,0.3,0.12,,0,,,"{""hit"": [""light"", ""heavy"", ""special"", ""ult"", ""dash"", ""pursuit""], ""block"": [""heavy""], ""whiff"": []}",,,False,,,,,,,,,
oolong,,robot light 2,l2,机器人虚张重拳 2,0.23,0.1,0.4,9,2,0.3,0.12,,0,,,"{""hit"": [""light"", ""heavy"", ""special"", ""ult"", ""dash"", ""pursuit""], ""block"": [""heavy""], ""whiff"": []}",,,False,,,,,,,,,
oolong,,robot light 3,l3,机器人虚张重拳 3,0.23,0.1,0.4,11,2,0.3,0.12,,0,,,"{""hit"": [""light"", ""heavy"", ""special"", ""ult"", ""dash"", ""pursuit""], ""block"": [""heavy""], ""whiff"": []}",,,False,,,,,,,,,
oolong,,robot light 4,l4,机器人虚张重拳 4,0.23,0.1,0.4,13,2,0.3,0.12,,0,,,"{""hit"": [""special"", ""ult"", ""dash""], ""block"": [], ""whiff"": []}",,,False,,,,,,,,,
oolong,,robot heavy 1,h1,机器人虚张重拳 1,0.23,0.1,0.4,14,2,0.3,0.12,,0,,,"{""hit"": [""light"", ""heavy"", ""special"", ""ult"", ""dash"", ""pursuit""], ""block"": [], ""whiff"": []}",,,False,,,,,,,,,
oolong,,robot heavy 2,h2,机器人虚张重拳 2,0.23,0.1,0.4,17,2,0.3,0.12,,0,,,"{""hit"": [""light"", ""heavy"", ""special"", ""ult"", ""dash"", ""pursuit""], ""block"": [], ""whiff"": []}",,,False,,,,,,,,,
oolong,,robot heavy 3,h3,机器人虚张重拳 3,0.23,0.1,0.4,20,2,0.3,0.12,,0,,,"{""hit"": [""light"", ""heavy"", ""special"", ""ult"", ""dash"", ""pursuit""], ""block"": [], ""whiff"": []}",,,False,,,,,,,,,
oolong,,robot heavy 4,h4,机器人虚张重拳 4,0.23,0.1,0.4,23,2,0.3,0.12,,0,,,"{""hit"": [""special"", ""ult"", ""dash""], ""block"": [], ""whiff"": []}",,,False,,,,,,,,,
korin,,W+K,launcher,反空上击,0.22,0.1,0.4,9,1.6,0.58,0.12,,0,,,"{""hit"": [""pursuit"", ""special"", ""ult"", ""dash""], ""block"": [], ""whiff"": []}",,,,,,,,,,,,
korin,,W+R,special,卡林残像步,0.12,0.025,0.28,0,1,0,0.13,,30,,,"{""hit"": [""ult""], ""block"": [], ""whiff"": []}",,catStep,,,,,,,ability,,,
korin,,S+K,sweep,下段派生,0.25,0.11,0.43,10,1.6,0.5,0.12,,0,,,"{""hit"": [""special"", ""ult"", ""dash""], ""block"": [], ""whiff"": []}",,,,,,,,,,,,
pilaf,,F,equipment,机甲导弹,0.3,0.05,0.5333333333333333,9,8,0.2,0.12,,10,,,"{""hit"": [], ""block"": [], ""whiff"": []}",,equipment,,,,,,,ability,,,
pilaf,,W+K,launcher,机械挑拳,0.22,0.1,0.4,9,1.6,0.58,0.12,,0,,,"{""hit"": [""pursuit"", ""special"", ""ult"", ""dash""], ""block"": [], ""whiff"": []}",,,,,,,,,,,,
pilaf,,W+R,special,机甲武装,0.4,0.025,0.45,0,1,0,0.13,,30,,,"{""hit"": [""ult""], ""block"": [], ""whiff"": []}",,armMode,,,,,,,ability,,,
pilaf,,S+K,sweep,机甲低撞,0.25,0.11,0.43,10,1.6,0.5,0.12,,0,,,"{""hit"": [""special"", ""ult"", ""dash""], ""block"": [], ""whiff"": []}",,,,,,,,,,,,
pilaf,,S+R,special,机甲武装,0.4,0.025,0.45,0,1,0,0.13,,30,,,"{""hit"": [""ult""], ""block"": [], ""whiff"": []}",,armMode,,,,,,,ability,,,
pilaf,,F flame,equipment,火焰喷射,0.16666666666666666,0.05,0.4,12,2.5,0.2,0.12,,12,,,"{""hit"": [], ""block"": [], ""whiff"": []}",,equipment,,,,,,,ability,,,
